joint_0,joint_1,joint_2,joint_3,joint_4,joint_5,joint_6,joint_7,joint_8,joint_9,joint_10,joint_11,joint_12,joint_13,joint_14,joint_15,joint_16,joint_17,joint_18,joint_19,joint_20,joint_21,joint_22,joint_23,joint_24,joint_25,joint_26,joint_27,joint_28
0.152594,-0.050341,0.011112,-0.029177,0.015798,0.020037,0.043157,0.010644,0.156814,0.177245,0.309583,0.228522,0.054274,-0.095150,-0.048677,0.349795,-0.384314,0.011506,-0.000298,0.251207,-0.103677,0.575459,1.121789,0.024845,-0.001114,0.198159,0.043950,0.041190,-0.027525
0.178562,-0.050168,0.001491,-0.031925,0.012365,0.024019,0.051218,0.014176,0.186280,0.202742,0.380663,0.177662,0.023250,-0.136351,-0.069303,0.369020,-0.398782,0.022175,0.002002,0.274915,-0.114901,0.709879,1.158085,0.029517,-0.001251,0.241986,0.056796,0.046476,-0.031768
0.201108,-0.047675,-0.004649,-0.033986,0.009710,0.027540,0.058112,0.017443,0.214345,0.224361,0.437771,0.127796,-0.004286,-0.171894,-0.087501,0.382475,-0.409082,0.032301,0.004150,0.294590,-0.124829,0.824656,1.191074,0.033761,-0.001477,0.276964,0.068441,0.050000,-0.035981
0.216810,-0.040540,-0.003827,-0.034671,0.008608,0.030138,0.062673,0.020181,0.239608,0.238223,0.466933,0.079918,-0.024848,-0.196119,-0.100840,0.384393,-0.411043,0.041340,0.005996,0.306200,-0.132164,0.900146,1.217449,0.037149,-0.001883,0.294241,0.077683,0.050000,-0.040134
0.230393,-0.029995,-0.001670,-0.033979,0.007991,0.032723,0.067214,0.021179,0.262688,0.248568,0.482293,0.040591,-0.041152,-0.210695,-0.109454,0.386013,-0.412628,0.050397,0.008043,0.316172,-0.138542,0.958536,1.238397,0.040403,-0.002466,0.300000,0.085048,0.050000,-0.044447
0.242918,-0.017744,0.001154,-0.032599,0.007615,0.035300,0.071746,0.021308,0.284677,0.257153,0.490753,0.005539,-0.055327,-0.220448,-0.115705,0.387483,-0.414026,0.059462,0.010190,0.325326,-0.144443,1.008374,1.256631,0.043591,-0.003137,0.300000,0.091474,0.050000,-0.048841
0.257256,-0.001399,0.002478,-0.032898,0.004914,0.036079,0.077361,0.021826,0.303895,0.258603,0.486736,-0.019099,-0.064581,-0.229261,-0.117164,0.389054,-0.417893,0.065922,0.012552,0.333625,-0.149658,1.042984,1.268839,0.047003,-0.004063,0.300000,0.095859,0.050000,-0.049537
0.271722,0.015420,0.003259,-0.033108,0.002246,0.037155,0.081985,0.021921,0.321127,0.259313,0.480913,-0.041538,-0.072709,-0.236482,-0.116566,0.390040,-0.421559,0.071610,0.014742,0.341309,-0.154638,1.074314,1.279907,0.050305,-0.005025,0.300000,0.099881,0.050000,-0.050000
0.286446,0.033184,0.002954,-0.033141,-0.000357,0.038826,0.084628,0.021170,0.334388,0.258545,0.471477,-0.059578,-0.078583,-0.240519,-0.111856,0.389858,-0.424823,0.075754,0.016588,0.347765,-0.159146,1.099086,1.288693,0.053386,-0.006060,0.300000,0.103177,0.050000,-0.050000
0.299579,0.051767,0.003197,-0.031535,-0.001141,0.040327,0.086018,0.020266,0.346237,0.258806,0.459469,-0.073859,-0.083040,-0.241551,-0.106166,0.390793,-0.426644,0.080262,0.017549,0.353887,-0.163129,1.119160,1.295868,0.056499,-0.007136,0.300000,0.105986,0.050000,-0.050000
0.311916,0.070759,0.003714,-0.029108,-0.001016,0.041744,0.086782,0.019286,0.357380,0.259581,0.446177,-0.086262,-0.086788,-0.241082,-0.099987,0.392285,-0.427744,0.084951,0.018067,0.359842,-0.166850,1.136884,1.302239,0.059627,-0.008232,0.300000,0.108552,0.050000,-0.050000
0.322834,0.089811,0.004386,-0.026647,-0.000755,0.043117,0.087365,0.018684,0.369031,0.260857,0.430481,-0.095679,-0.089855,-0.238981,-0.093473,0.394112,-0.427980,0.089191,0.018803,0.365260,-0.170106,1.149468,1.306909,0.062758,-0.009383,0.300000,0.110595,0.050000,-0.050000
0.332641,0.108991,0.004575,-0.022871,0.000660,0.045818,0.087622,0.017402,0.380509,0.261844,0.412456,-0.104512,-0.093127,-0.235802,-0.086409,0.395449,-0.428796,0.093495,0.019520,0.370559,-0.173322,1.160567,1.310979,0.065922,-0.010556,0.300000,0.112455,0.050000,-0.050000
0.340228,0.128430,0.003800,-0.016468,0.004380,0.051173,0.087227,0.014759,0.391640,0.262254,0.389774,-0.112179,-0.096812,-0.230465,-0.078244,0.395807,-0.430772,0.097925,0.020202,0.375616,-0.176459,1.168700,1.313851,0.069151,-0.011771,0.300000,0.113951,0.050000,-0.050000
0.348064,0.146631,0.002871,-0.011944,0.006263,0.054460,0.085637,0.011576,0.402258,0.261290,0.369256,-0.119284,-0.099836,-0.226325,-0.070022,0.396315,-0.431999,0.102389,0.020965,0.380467,-0.179369,1.175166,1.316268,0.072368,-0.012985,0.300000,0.115333,0.050000,-0.050000
0.356025,0.164213,0.001867,-0.008361,0.007226,0.056713,0.083449,0.008123,0.412618,0.259639,0.349820,-0.126108,-0.102529,-0.222783,-0.061772,0.396898,-0.432849,0.106871,0.021768,0.385215,-0.182166,1.180800,1.318458,0.075579,-0.014198,0.300000,0.116658,0.050000,-0.050000
0.364410,0.180578,0.000183,-0.004724,0.007847,0.058203,0.082845,0.003677,0.422117,0.256832,0.332881,-0.132353,-0.104281,-0.219473,-0.053555,0.397982,-0.433587,0.111481,0.022446,0.389706,-0.184828,1.184650,1.319985,0.078744,-0.015444,0.300000,0.117804,0.050000,-0.050000
0.372214,0.196028,-0.001231,-0.002065,0.007581,0.059221,0.082680,-0.000268,0.431630,0.254463,0.316923,-0.138431,-0.106432,-0.216299,-0.045703,0.398672,-0.434830,0.116369,0.023431,0.394083,-0.187490,1.188149,1.321173,0.081884,-0.016699,0.300000,0.118855,0.050000,-0.050000
0.378857,0.209651,-0.002105,-0.001359,0.005544,0.059299,0.083392,-0.003212,0.441170,0.252971,0.302923,-0.144175,-0.109380,-0.213396,-0.038579,0.398571,-0.437083,0.121811,0.025032,0.398232,-0.190152,1.190946,1.321682,0.084972,-0.017973,0.300000,0.119715,0.050000,-0.050000
0.385575,0.222352,-0.003354,0.000674,0.004894,0.059537,0.084907,-0.006649,0.451005,0.251166,0.291411,-0.149590,-0.112610,-0.211687,-0.035789,0.399101,-0.437641,0.128020,0.025966,0.402406,-0.192542,1.193317,1.322104,0.088086,-0.019204,0.300000,0.120582,0.050000,-0.050000
0.392331,0.234591,-0.004790,0.003372,0.004937,0.059855,0.086823,-0.010334,0.460988,0.249204,0.281142,-0.154841,-0.115981,-0.210576,-0.035166,0.399946,-0.437351,0.134613,0.026568,0.406594,-0.194797,1.195475,1.322483,0.091214,-0.020414,0.300000,0.121454,0.050000,-0.050000
0.399725,0.244351,-0.006828,0.003745,0.006567,0.059530,0.085852,-0.009781,0.470872,0.247719,0.277050,-0.159049,-0.119323,-0.210144,-0.036284,0.400411,-0.436939,0.141196,0.025289,0.410700,-0.197006,1.197004,1.322026,0.094347,-0.021648,0.300000,0.122085,0.050000,-0.050000
0.407439,0.253186,-0.008980,0.003742,0.007856,0.059082,0.084933,-0.009045,0.480615,0.246108,0.274615,-0.163202,-0.122744,-0.210439,-0.037171,0.400775,-0.436815,0.147864,0.023587,0.414708,-0.199240,1.198591,1.321405,0.097430,-0.022886,0.300000,0.122669,0.050000,-0.050000
0.415794,0.260170,-0.011359,0.002989,0.008466,0.058386,0.084120,-0.007942,0.490079,0.244243,0.275498,-0.167247,-0.126327,-0.212188,-0.037593,0.400936,-0.437266,0.154706,0.021036,0.418519,-0.201526,1.200291,1.320453,0.100415,-0.024135,0.300000,0.123159,0.050000,-0.050000
0.423361,0.266478,-0.013479,0.002043,0.008600,0.058003,0.083863,-0.008461,0.498280,0.241980,0.276936,-0.171239,-0.129477,-0.213450,-0.038108,0.400715,-0.438233,0.161548,0.018194,0.422193,-0.203895,1.201573,1.319486,0.103354,-0.025404,0.300000,0.123716,0.050000,-0.050000
0.430534,0.272449,-0.015470,0.001000,0.008496,0.057777,0.083884,-0.009790,0.505851,0.239519,0.278651,-0.175203,-0.132412,-0.214467,-0.038670,0.400304,-0.439458,0.168391,0.015206,0.425799,-0.206306,1.202645,1.318512,0.106270,-0.026683,0.300000,0.124306,0.050000,-0.050000
0.437755,0.277875,-0.016620,-0.000761,0.007753,0.057239,0.083825,-0.012527,0.513835,0.235312,0.280205,-0.179277,-0.135025,-0.215039,-0.041064,0.400076,-0.439719,0.175853,0.011396,0.429661,-0.208634,1.202228,1.318139,0.109399,-0.027956,0.300000,0.125181,0.050000,-0.050000
0.443653,0.282227,-0.017551,-0.001649,0.007861,0.057366,0.083923,-0.015065,0.519326,0.232244,0.282075,-0.182294,-0.136465,-0.216084,-0.043800,0.399401,-0.440004,0.183117,0.007467,0.433394,-0.210979,1.202528,1.318021,0.112435,-0.029224,0.300000,0.126153,0.050000,-0.050000
0.446904,0.284431,-0.018047,-0.000794,0.009669,0.058822,0.084333,-0.017202,0.519832,0.231453,0.284575,-0.183197,-0.135560,-0.218075,-0.047223,0.397832,-0.440335,0.189984,0.003299,0.436866,-0.213359,1.204262,1.318411,0.115285,-0.030486,0.300000,0.127316,0.050000,-0.050000
0.449477,0.285469,-0.018328,-0.000558,0.010851,0.059639,0.084588,-0.018954,0.520000,0.231501,0.288421,-0.183615,-0.134834,-0.220463,-0.050235,0.396870,-0.440233,0.196474,-0.001476,0.440373,-0.215637,1.205978,1.318584,0.118145,-0.031738,0.300000,0.128433,0.050000,-0.050000
0.451713,0.285925,-0.018501,-0.000632,0.011721,0.060135,0.084764,-0.020515,0.520000,0.231968,0.292940,-0.183791,-0.134198,-0.223049,-0.053043,0.396212,-0.439914,0.202774,-0.006555,0.443897,-0.217864,1.207685,1.318648,0.121012,-0.032986,0.300000,0.129528,0.050000,-0.050000
0.453419,0.284616,-0.018310,-0.002444,0.010375,0.057739,0.085654,-0.021707,0.520000,0.233731,0.302435,-0.183540,-0.133785,-0.221260,-0.058277,0.397342,-0.438374,0.207664,-0.012490,0.447519,-0.219944,1.209178,1.318872,0.123890,-0.034258,0.300000,0.130801,0.050000,-0.050000
0.454811,0.283035,-0.018049,-0.004150,0.009398,0.055697,0.086426,-0.022617,0.520000,0.235525,0.311829,-0.183172,-0.133211,-0.219390,-0.062851,0.398185,-0.436893,0.212513,-0.018681,0.451081,-0.222050,1.210597,1.319080,0.126747,-0.035551,0.300000,0.132079,0.050000,-0.050000
0.455578,0.280910,-0.017651,-0.005645,0.009160,0.054363,0.086966,-0.022961,0.520000,0.237381,0.321023,-0.182569,-0.132316,-0.217357,-0.066106,0.398452,-0.435534,0.217281,-0.025382,0.454522,-0.224210,1.211872,1.319255,0.129560,-0.036884,0.300000,0.133366,0.050000,-0.050000
0.455853,0.279102,-0.016880,-0.006790,0.009421,0.053340,0.087374,-0.022800,0.520000,0.238327,0.327194,-0.182365,-0.132016,-0.216083,-0.069678,0.398928,-0.433961,0.222137,-0.031503,0.457900,-0.226310,1.212725,1.319252,0.132348,-0.038228,0.300000,0.134635,0.050000,-0.050000
0.455881,0.277453,-0.015923,-0.007761,0.009931,0.052472,0.087717,-0.022388,0.520000,0.238818,0.331854,-0.182361,-0.132013,-0.215189,-0.073410,0.399509,-0.432283,0.227036,-0.037333,0.461249,-0.228379,1.213367,1.319160,0.135124,-0.039576,0.300000,0.135895,0.050000,-0.050000
0.454417,0.276921,-0.014985,-0.007960,0.010626,0.052073,0.089334,-0.020811,0.520000,0.240104,0.333745,-0.182017,-0.132158,-0.214380,-0.075645,0.399268,-0.431256,0.231312,-0.041824,0.464424,-0.230520,1.213921,1.318890,0.137817,-0.040962,0.300000,0.137121,0.050000,-0.050000
0.452274,0.276785,-0.014162,-0.007332,0.011843,0.052202,0.091495,-0.019340,0.520000,0.242885,0.334900,-0.181653,-0.132267,-0.213874,-0.077892,0.398726,-0.430369,0.234794,-0.045787,0.467558,-0.232663,1.214346,1.318733,0.140497,-0.042345,0.300000,0.138381,0.050000,-0.050000
0.448775,0.277441,-0.013567,-0.005050,0.014106,0.053388,0.094743,-0.018081,0.520000,0.248653,0.334579,-0.181248,-0.132301,-0.213971,-0.080164,0.397581,-0.429762,0.236689,-0.048697,0.470609,-0.234811,1.214510,1.318803,0.143152,-0.043721,0.300000,0.139708,0.050000,-0.050000
0.434672,0.278411,-0.011707,-0.003354,0.014412,0.053018,0.096186,-0.015491,0.520000,0.246689,0.335581,-0.180445,-0.132286,-0.213333,-0.084117,0.395777,-0.428744,0.240505,-0.051561,0.473652,-0.236939,1.215134,1.319347,0.145821,-0.045109,0.300000,0.141170,0.050000,-0.050000
0.415267,0.279539,-0.009215,-0.001950,0.013740,0.051871,0.096728,-0.012236,0.520000,0.240860,0.337244,-0.179443,-0.132247,-0.212327,-0.088911,0.393644,-0.427521,0.245283,-0.054403,0.476691,-0.239057,1.215989,1.320126,0.148497,-0.046502,0.300000,0.142698,0.050000,-0.050000
0.390765,0.277630,-0.006978,0.000764,0.012970,0.050478,0.096300,-0.009686,0.520000,0.235157,0.343765,-0.179374,-0.132279,-0.209146,-0.095807,0.391080,-0.425310,0.249556,-0.056264,0.479569,-0.241084,1.216444,1.321085,0.151089,-0.047915,0.300000,0.144165,0.050000,-0.050000
0.362991,0.273110,-0.006740,0.005188,0.013929,0.050970,0.095672,-0.009203,0.520000,0.229064,0.355488,-0.179404,-0.132191,-0.192803,-0.109958,0.387852,-0.423894,0.252974,-0.058829,0.482393,-0.243137,1.217143,1.322071,0.153690,-0.049323,0.300000,0.145660,0.050000,-0.050000
0.328672,0.263370,-0.010499,0.013033,0.018348,0.055232,0.094642,-0.012856,0.520000,0.222192,0.377615,-0.179633,-0.131865,-0.150137,-0.138620,0.383296,-0.424068,0.254682,-0.062801,0.485113,-0.245241,1.218329,1.323110,0.156309,-0.050720,0.300000,0.147212,0.050000,-0.050000
0.296937,0.248517,-0.011668,0.014551,0.018633,0.055599,0.094691,-0.015196,0.520000,0.224665,0.402256,-0.181028,-0.131881,-0.115810,-0.159459,0.380183,-0.422852,0.256934,-0.067568,0.487868,-0.247125,1.219105,1.323436,0.158925,-0.052095,0.300000,0.148513,0.050000,-0.050000
0.266494,0.231110,-0.011540,0.012907,0.016852,0.054020,0.095280,-0.016879,0.520000,0.231812,0.428154,-0.183006,-0.132068,-0.085651,-0.176387,0.377790,-0.420940,0.259457,-0.072732,0.490642,-0.248899,1.219676,1.323404,0.161540,-0.053459,0.300000,0.149689,0.050000,-0.050000
0.241881,0.201516,-0.012330,0.010213,0.012611,0.050888,0.097824,-0.020164,0.520000,0.247254,0.460350,-0.187309,-0.133610,-0.066976,-0.189531,0.375973,-0.419526,0.260862,-0.078509,0.493170,-0.250770,1.220472,1.322096,0.163986,-0.054933,0.300000,0.150574,0.050000,-0.050000
0.214945,0.170072,-0.012840,0.007941,0.008725,0.048025,0.100591,-0.022792,0.520000,0.266647,0.494648,-0.191257,-0.135240,-0.051742,-0.202361,0.374746,-0.418050,0.261706,-0.084144,0.495765,-0.252670,1.221527,1.320889,0.166453,-0.056437,0.300000,0.151576,0.050000,-0.050000
0.183361,0.134928,-0.012790,0.006509,0.005551,0.045699,0.103804,-0.024106,0.520000,0.293942,0.533149,-0.194492,-0.137047,-0.043389,-0.214565,0.374696,-0.416451,0.261429,-0.089494,0.498496,-0.254630,1.223100,1.319887,0.168965,-0.058004,0.300000,0.152815,0.050000,-0.050000
0.145210,0.094922,-0.012833,0.006688,0.003911,0.046448,0.106321,-0.023760,0.520000,0.321626,0.568287,-0.199383,-0.141615,-0.039936,-0.228657,0.373553,-0.417611,0.259708,-0.096841,0.500921,-0.257013,1.224153,1.317442,0.171339,-0.059719,0.300000,0.153517,0.050000,-0.050000
0.103775,0.052484,-0.012921,0.007672,0.003038,0.048734,0.108490,-0.022583,0.520000,0.349504,0.601744,-0.205102,-0.147564,-0.038932,-0.243694,0.371862,-0.420150,0.257266,-0.105186,0.503194,-0.259607,1.224945,1.314276,0.173643,-0.061508,0.300000,0.153952,0.050000,-0.050000
0.059592,0.008106,-0.011957,0.009994,0.003616,0.050538,0.110353,-0.021329,0.520000,0.380172,0.636543,-0.210088,-0.155353,-0.046032,-0.258453,0.372905,-0.424233,0.258213,-0.112985,0.506112,-0.262551,1.222051,1.310132,0.176298,-0.063336,0.300000,0.153904,0.050000,-0.050000
0.015477,-0.039400,-0.011325,0.012941,0.004860,0.053234,0.111812,-0.020602,0.520000,0.409792,0.676097,-0.215236,-0.163524,-0.052318,-0.272982,0.373452,-0.427638,0.259040,-0.121264,0.509020,-0.265501,1.219441,1.306082,0.178952,-0.065163,0.300000,0.153911,0.050000,-0.050000
-0.028502,-0.093160,-0.011357,0.017137,0.007435,0.057714,0.112464,-0.020933,0.520000,0.437317,0.725161,-0.220708,-0.172459,-0.056978,-0.287052,0.373008,-0.429684,0.259628,-0.130503,0.511907,-0.268463,1.217399,1.302219,0.181603,-0.066989,0.300000,0.154031,0.050000,-0.050000
-0.072099,-0.148803,-0.004490,0.017315,0.006697,0.054963,0.093085,-0.011978,0.520000,0.487685,0.770132,-0.226113,-0.183228,-0.094448,-0.298424,0.376895,-0.429982,0.260615,-0.138332,0.515252,-0.271412,1.214635,1.297752,0.184312,-0.068822,0.300000,0.153871,0.050000,-0.050000
-0.115506,-0.205388,0.005827,0.015484,0.004302,0.048596,0.063692,0.001619,0.520000,0.549475,0.813056,-0.231485,-0.194914,-0.148325,-0.308447,0.382948,-0.429407,0.261800,-0.145457,0.518827,-0.274354,1.211508,1.292982,0.187050,-0.070659,0.300000,0.153571,0.050000,-0.050000
-0.159023,-0.258591,0.014773,0.006176,0.005025,0.043228,0.026884,0.012064,0.520000,0.625359,0.847271,-0.238158,-0.208641,-0.182013,-0.324971,0.387570,-0.430199,0.261800,-0.156071,0.522238,-0.277869,1.205890,1.286562,0.189701,-0.072630,0.300000,0.152857,0.050000,-0.050000
-0.207488,-0.306516,0.019806,-0.003420,0.010317,0.037742,0.000989,0.016619,0.520000,0.693229,0.879452,-0.245521,-0.219057,-0.217438,-0.341006,0.392171,-0.432682,0.261800,-0.161452,0.525535,-0.281802,1.200916,1.281394,0.192239,-0.074626,0.300000,0.152573,0.050000,-0.050000
-0.265851,-0.343888,0.017014,-0.013594,0.024744,0.032018,-0.003079,0.009396,0.520000,0.745069,0.907565,-0.254263,-0.222848,-0.256333,-0.356063,0.396729,-0.438545,0.261800,-0.156365,0.528602,-0.286574,1.197230,1.278730,0.194551,-0.076672,0.300000,0.153150,0.050000,-0.050000
-0.316819,-0.370701,0.015741,-0.019241,0.030817,0.028711,-0.005129,0.008200,0.520000,0.791575,0.927779,-0.261011,-0.228100,-0.281103,-0.368968,0.401468,-0.444645,0.260375,-0.151690,0.531922,-0.291253,1.194415,1.275836,0.196940,-0.078665,0.300000,0.153646,0.050000,-0.050000
-0.364090,-0.392235,0.015226,-0.022624,0.032711,0.026612,-0.006169,0.010016,0.520000,0.835415,0.944045,-0.266762,-0.234082,-0.298810,-0.380796,0.406298,-0.450864,0.258237,-0.147222,0.535369,-0.295887,1.192035,1.272827,0.199367,-0.080631,0.300000,0.154102,0.050000,-0.050000
-0.411129,-0.415124,0.013928,-0.035580,0.022057,0.022002,-0.007185,0.005261,0.520000,0.869059,0.941244,-0.281208,-0.246072,-0.335607,-0.403677,0.409991,-0.457068,0.254322,-0.143823,0.537867,-0.301029,1.183341,1.264336,0.199747,-0.082889,0.300000,0.153179,0.050000,-0.050000
-0.454564,-0.443524,0.011526,-0.045680,0.014200,0.019017,-0.010000,0.000760,0.520000,0.903954,0.954214,-0.292056,-0.255439,-0.374170,-0.427495,0.414664,-0.465379,0.245361,-0.139598,0.540992,-0.306578,1.175692,1.257013,0.200000,-0.085127,0.300000,0.152658,0.050000,-0.050000
-0.490789,-0.482945,0.006917,-0.050070,0.011939,0.019283,-0.016411,-0.003230,0.520000,0.941350,0.998725,-0.295705,-0.259564,-0.416266,-0.453183,0.421296,-0.477907,0.226309,-0.133722,0.545375,-0.312941,1.170133,1.252022,0.200000,-0.087326,0.300000,0.152939,0.050000,-0.050000
-0.529864,-0.593953,0.006631,-0.041416,0.006457,0.029397,-0.023017,-0.021702,0.520000,0.977784,1.093319,-0.299930,-0.270265,-0.450569,-0.479077,0.427290,-0.492716,0.205577,-0.128521,0.550183,-0.319593,1.165195,1.247901,0.200000,-0.089503,0.300000,0.153315,0.050000,-0.050000
-0.570365,-0.740756,0.008508,-0.026240,-0.000636,0.044436,-0.029722,-0.047416,0.520000,1.013738,1.212957,-0.304443,-0.284254,-0.480976,-0.505072,0.432964,-0.508665,0.184005,-0.123658,0.555203,-0.326390,1.160567,1.244215,0.200000,-0.091670,0.300000,0.153739,0.050000,-0.050000
-0.611589,-0.847521,0.013389,-0.019677,-0.006973,0.045260,-0.024485,-0.055595,0.520000,1.059311,1.305706,-0.301047,-0.292783,-0.495029,-0.480454,0.448902,-0.530368,0.174360,-0.115959,0.562828,-0.334252,1.155112,1.241688,0.200000,-0.094022,0.300000,0.155419,0.050000,-0.050000
-0.653378,-0.942324,0.017870,-0.013914,-0.011180,0.045107,-0.019462,-0.060071,0.520000,1.101596,1.392343,-0.298504,-0.302359,-0.508165,-0.459763,0.464882,-0.550038,0.164209,-0.109076,0.570265,-0.341633,1.149800,1.238171,0.200000,-0.096282,0.300000,0.156658,0.050000,-0.050000
-0.696297,-1.013202,0.021555,-0.009753,-0.011126,0.043000,-0.014867,-0.057141,0.520000,1.137305,1.466754,-0.297666,-0.314030,-0.519468,-0.446927,0.480943,-0.565638,0.153048,-0.103821,0.577328,-0.348053,1.144775,1.232674,0.200000,-0.098355,0.300000,0.157014,0.050000,-0.050000
-0.739869,-1.042814,0.026647,-0.009136,-0.017959,0.034660,-0.004103,-0.052793,0.520000,1.174489,1.491272,-0.294992,-0.325744,-0.533409,-0.450933,0.501733,-0.591293,0.131616,-0.100578,0.584987,-0.356215,1.138423,1.224475,0.200000,-0.099428,0.300000,0.156653,0.050000,-0.050000
-0.783767,-1.051794,0.032442,-0.010290,-0.028235,0.023203,0.009747,-0.047736,0.520000,1.212409,1.490843,-0.291400,-0.337479,-0.548670,-0.463360,0.524887,-0.621977,0.105050,-0.098341,0.592945,-0.365247,1.131408,1.214926,0.200000,-0.100000,0.300000,0.155933,0.050000,-0.050000
-0.817531,-1.059361,0.031961,-0.013416,-0.031988,0.012820,0.013529,-0.040328,0.513533,1.250906,1.473927,-0.285751,-0.340492,-0.565501,-0.447154,0.546950,-0.646744,0.084203,-0.093446,0.601111,-0.374340,1.127579,1.209556,0.200000,-0.100000,0.300000,0.156769,0.050000,-0.050000
-0.845592,-1.072956,0.030734,-0.016147,-0.036091,0.004763,0.016400,-0.033945,0.507319,1.290405,1.475852,-0.283714,-0.348902,-0.614899,-0.446333,0.568284,-0.668442,0.051569,-0.086056,0.606358,-0.380560,1.116746,1.198747,0.199949,-0.100000,0.295985,0.154820,0.050000,-0.050000
-0.862243,-1.098609,0.028012,-0.018088,-0.040893,0.001356,0.017449,-0.029611,0.501614,1.331907,1.515457,-0.288903,-0.368103,-0.729429,-0.476283,0.588160,-0.684004,-0.004638,-0.073675,0.605766,-0.381035,1.091904,1.177061,0.199797,-0.100000,0.283938,0.147301,0.050000,-0.050000
-0.891223,-1.120944,0.030241,-0.017543,-0.044844,0.000174,0.015197,-0.031057,0.494508,1.347583,1.517365,-0.281518,-0.367796,-0.725310,-0.468952,0.606767,-0.705371,-0.029880,-0.060977,0.611683,-0.389116,1.087728,1.175782,0.199848,-0.100000,0.285593,0.148831,0.050000,-0.050000
-0.926367,-1.141620,0.034946,-0.015754,-0.048371,0.000104,0.011296,-0.035392,0.486700,1.350347,1.500424,-0.267846,-0.357735,-0.661867,-0.442981,0.624739,-0.729641,-0.039641,-0.048121,0.620854,-0.401000,1.093885,1.184706,0.200000,-0.100000,0.294098,0.154885,0.050000,-0.050000
-0.966142,-1.171152,0.032335,-0.018921,-0.058942,-0.002524,0.009560,-0.038794,0.483735,1.381973,1.515445,-0.277211,-0.365795,-0.655268,-0.441972,0.638356,-0.746877,-0.046211,-0.039492,0.626108,-0.410010,1.090769,1.182256,0.200000,-0.100000,0.297639,0.156909,0.050000,-0.050000
-1.005876,-1.201319,0.029201,-0.023823,-0.070919,-0.005118,0.008372,-0.041172,0.479568,1.411509,1.531328,-0.287206,-0.373401,-0.646773,-0.442803,0.651066,-0.763797,-0.052571,-0.031925,0.630957,-0.418966,1.087630,1.179767,0.200000,-0.100000,0.300000,0.158971,0.050000,-0.050000
-1.045528,-1.232756,0.025017,-0.032196,-0.085707,-0.007642,0.008280,-0.041503,0.472994,1.436866,1.548934,-0.298459,-0.380099,-0.634488,-0.447314,0.661961,-0.780082,-0.058509,-0.026486,0.635000,-0.427816,1.084445,1.177200,0.200000,-0.100000,0.300000,0.161107,0.050000,-0.050000
-1.082045,-1.270934,0.020797,-0.039248,-0.098203,-0.008109,0.006688,-0.041534,0.467044,1.458326,1.580379,-0.310911,-0.386887,-0.621098,-0.452078,0.669455,-0.793249,-0.063801,-0.021467,0.638244,-0.436122,1.080907,1.174302,0.200000,-0.100000,0.300000,0.163081,0.050000,-0.050000
-1.116995,-1.312481,0.016559,-0.045639,-0.109553,-0.007548,0.004347,-0.041416,0.461405,1.477839,1.618743,-0.323961,-0.393720,-0.607156,-0.456969,0.675248,-0.804857,-0.068770,-0.016659,0.641088,-0.444156,1.077193,1.171237,0.200000,-0.100000,0.300000,0.164974,0.050000,-0.050000
-1.147917,-1.352202,0.010628,-0.058090,-0.122976,-0.008986,0.004026,-0.034669,0.453690,1.487797,1.657604,-0.340235,-0.397211,-0.591034,-0.471830,0.676682,-0.810826,-0.072047,-0.013244,0.642426,-0.451327,1.072492,1.168998,0.200000,-0.100000,0.300000,0.167090,0.050000,-0.050000
-1.179102,-1.387816,0.003584,-0.072218,-0.137587,-0.010867,0.003503,-0.028450,0.443201,1.499129,1.691275,-0.356154,-0.397814,-0.577032,-0.485432,0.677991,-0.815840,-0.075457,-0.009154,0.643788,-0.458472,1.068635,1.168079,0.200000,-0.100000,0.300000,0.169727,0.050000,-0.050000
-1.210811,-1.415217,-0.005689,-0.089698,-0.154573,-0.013638,0.002578,-0.023290,0.427166,1.513207,1.714564,-0.371361,-0.392642,-0.567267,-0.496516,0.679052,-0.818943,-0.079131,-0.003713,0.645198,-0.465568,1.066470,1.169800,0.200000,-0.100000,0.300000,0.173408,0.050000,-0.050000
-1.244094,-1.444247,-0.014906,-0.104567,-0.171249,-0.016954,0.003749,-0.018390,0.414160,1.521634,1.733920,-0.390058,-0.388212,-0.550918,-0.504467,0.680219,-0.821442,-0.081357,0.006323,0.645741,-0.472367,1.063573,1.170117,0.200000,-0.100000,0.300000,0.176612,0.050000,-0.050000
-1.278162,-1.474091,-0.024094,-0.118130,-0.187771,-0.020542,0.005968,-0.013621,0.402668,1.527234,1.751310,-0.410500,-0.384153,-0.531277,-0.510852,0.681440,-0.823640,-0.082859,0.018657,0.645851,-0.479019,1.060311,1.169733,0.200000,-0.100000,0.300000,0.179578,0.050000,-0.050000
-1.308683,-1.500411,-0.031639,-0.131886,-0.201209,-0.021877,0.008939,-0.006003,0.386266,1.528904,1.760641,-0.425536,-0.376714,-0.517157,-0.512688,0.680710,-0.829957,-0.083408,0.029846,0.646279,-0.486833,1.059128,1.168240,0.200000,-0.100000,0.300000,0.182439,0.050000,-0.050000
-1.340037,-1.529405,-0.037079,-0.142317,-0.210847,-0.022461,0.011045,0.000668,0.371808,1.534361,1.775040,-0.439430,-0.370432,-0.498839,-0.515089,0.679895,-0.835476,-0.084065,0.042120,0.646821,-0.494321,1.058380,1.166672,0.200000,-0.100000,0.300000,0.185255,0.050000,-0.050000
-1.373055,-1.563743,-0.038308,-0.146100,-0.212888,-0.021544,0.011420,0.005446,0.361239,1.547388,1.799575,-0.451038,-0.366468,-0.472124,-0.518621,0.678910,-0.839398,-0.084936,0.056562,0.647588,-0.501158,1.058500,1.164955,0.200000,-0.100000,0.300000,0.187982,0.050000,-0.050000
-1.404355,-1.592867,-0.041075,-0.150372,-0.215955,-0.020217,0.013054,0.010561,0.344937,1.558365,1.815659,-0.463981,-0.362125,-0.453428,-0.520858,0.681643,-0.842649,-0.085615,0.069885,0.648896,-0.507845,1.057472,1.162314,0.200000,-0.100000,0.300000,0.190420,0.050000,-0.050000
-1.434797,-1.619385,-0.044609,-0.154888,-0.219535,-0.018685,0.015318,0.015844,0.325769,1.568317,1.827518,-0.477591,-0.357592,-0.438741,-0.522449,0.686237,-0.845564,-0.086199,0.082649,0.650476,-0.514456,1.055871,1.159210,0.200000,-0.100000,0.300000,0.192714,0.050000,-0.050000
-1.460048,-1.645584,-0.045520,-0.155684,-0.217583,-0.017180,0.015098,0.019871,0.303918,1.575691,1.840046,-0.487375,-0.355426,-0.430092,-0.519556,0.690506,-0.846594,-0.085798,0.093305,0.652244,-0.519967,1.056196,1.156718,0.200000,-0.100000,0.300000,0.195158,0.050000,-0.050000
-1.484084,-1.670608,-0.046099,-0.155952,-0.215104,-0.015769,0.014784,0.023450,0.281542,1.582171,1.851313,-0.494374,-0.352546,-0.422774,-0.516263,0.694456,-0.846224,-0.085697,0.103366,0.654369,-0.525284,1.057473,1.154390,0.200000,-0.100000,0.300000,0.197702,0.050000,-0.050000
-1.505692,-1.693279,-0.046013,-0.155163,-0.211571,-0.014544,0.014281,0.026136,0.258119,1.586863,1.860060,-0.495803,-0.348235,-0.418117,-0.512173,0.697766,-0.843053,-0.086195,0.112240,0.657207,-0.530214,1.060651,1.152391,0.200000,-0.100000,0.300000,0.200445,0.050000,-0.050000
-1.526485,-1.714500,-0.046283,-0.154018,-0.208049,-0.014754,0.013304,0.027990,0.236055,1.590397,1.866658,-0.491474,-0.342502,-0.414245,-0.507498,0.696942,-0.837954,-0.086537,0.120664,0.660491,-0.534973,1.065511,1.150133,0.200000,-0.100000,0.300000,0.203110,0.050000,-0.050000
-1.546871,-1.734995,-0.046731,-0.152695,-0.204532,-0.015683,0.012091,0.029428,0.214669,1.593351,1.872183,-0.484267,-0.336060,-0.410765,-0.502531,0.694053,-0.831891,-0.086803,0.128864,0.663998,-0.539647,1.071213,1.147745,0.200000,-0.100000,0.300000,0.205735,0.050000,-0.050000
-1.565137,-1.752950,-0.047079,-0.151094,-0.201565,-0.015659,0.012508,0.033199,0.191463,1.595571,1.874682,-0.475653,-0.329158,-0.407792,-0.496673,0.690875,-0.827777,-0.087393,0.133263,0.667551,-0.544998,1.075723,1.144794,0.200000,-0.100000,0.300000,0.208281,0.050000,-0.050000
-1.581820,-1.769559,-0.047253,-0.149097,-0.199475,-0.015922,0.012850,0.036147,0.166660,1.596940,1.876003,-0.466032,-0.321151,-0.405231,-0.489863,0.687126,-0.823635,-0.087907,0.137881,0.671205,-0.550822,1.080223,1.142437,0.200000,-0.100000,0.300000,0.211347,0.050000,-0.050000
-1.595335,-1.783478,-0.047079,-0.146311,-0.199141,-0.016757,0.013042,0.037446,0.138662,1.596610,1.874971,-0.454396,-0.310934,-0.403491,-0.481150,0.682238,-0.819435,-0.088269,0.142939,0.675065,-0.557596,1.084699,1.141264,0.200000,-0.100000,0.300000,0.215451,0.050000,-0.050000
-1.610412,-1.799039,-0.046409,-0.144101,-0.199417,-0.017242,0.012379,0.038128,0.111462,1.595896,1.874223,-0.444523,-0.301647,-0.402380,-0.472501,0.678002,-0.814512,-0.089664,0.148416,0.678755,-0.564242,1.087989,1.139598,0.200000,-0.100000,0.300000,0.219453,0.050000,-0.050000
-1.626269,-1.815420,-0.045492,-0.142179,-0.199998,-0.017551,0.011289,0.038500,0.084660,1.594991,1.873617,-0.435532,-0.292826,-0.401584,-0.463885,0.674092,-0.809229,-0.091576,0.154102,0.682358,-0.570825,1.090686,1.137684,0.200000,-0.100000,0.300000,0.223403,0.050000,-0.050000
-1.643307,-1.830992,-0.045675,-0.141410,-0.200882,-0.017531,0.010736,0.040079,0.056937,1.596529,1.873143,-0.426835,-0.283356,-0.399838,-0.455251,0.671008,-0.804584,-0.091657,0.159760,0.686043,-0.577475,1.092353,1.136945,0.200000,-0.100000,0.300000,0.227832,0.050000,-0.050000
-1.660338,-1.846717,-0.045755,-0.140452,-0.201319,-0.017458,0.009820,0.041055,0.028809,1.596966,1.872376,-0.418178,-0.273915,-0.398308,-0.447162,0.668190,-0.800195,-0.091487,0.165498,0.689768,-0.584201,1.093996,1.135935,0.200000,-0.100000,0.300000,0.232224,0.050000,-0.050000
-1.677355,-1.862751,-0.045632,-0.139114,-0.200863,-0.017278,0.008178,0.040826,-0.000129,1.595205,1.871022,-0.409601,-0.264532,-0.397208,-0.440162,0.665906,-0.796317,-0.090813,0.171396,0.693575,-0.591080,1.095590,1.134382,0.200000,-0.100000,0.300000,0.236542,0.050000,-0.050000
-1.694881,-1.879036,-0.046284,-0.137783,-0.201370,-0.016905,0.005855,0.039763,-0.029667,1.594029,1.869884,-0.401106,-0.254341,-0.395950,-0.431989,0.664641,-0.792179,-0.088840,0.177951,0.697639,-0.597904,1.096634,1.133762,0.200000,-0.100000,0.300000,0.241276,0.050000,-0.050000
-1.712662,-1.895448,-0.047324,-0.136456,-0.202359,-0.016437,0.003190,0.038282,-0.059504,1.593147,1.868854,-0.392652,-0.243747,-0.394615,-0.423229,0.663885,-0.787910,-0.086217,0.184832,0.701833,-0.604701,1.097404,1.133608,0.200000,-0.100000,0.300000,0.246219,0.050000,-0.050000
-1.729833,-1.912151,-0.047481,-0.134471,-0.200538,-0.014981,0.001806,0.037526,-0.083802,1.591362,1.869162,-0.386206,-0.236690,-0.391897,-0.416801,0.661707,-0.785602,-0.082502,0.191683,0.705451,-0.610407,1.097320,1.131665,0.200000,-0.100000,0.300000,0.249786,0.050000,-0.050000
-1.742219,-1.923946,-0.047724,-0.132404,-0.198306,-0.013935,0.000320,0.036624,-0.100000,1.589296,1.869112,-0.381834,-0.231003,-0.388807,-0.410102,0.660231,-0.784132,-0.078570,0.198381,0.708707,-0.615900,1.096398,1.129080,0.200000,-0.100000,0.300000,0.253130,0.050000,-0.050000
-1.745038,-1.925924,-0.048139,-0.130170,-0.195254,-0.013710,-0.001368,0.035433,-0.100000,1.586666,1.868346,-0.381609,-0.228054,-0.384972,-0.402861,0.660159,-0.784338,-0.074206,0.204776,0.711239,-0.620969,1.093798,1.125209,0.200000,-0.100000,0.300000,0.256026,0.050000,-0.050000
-1.746806,-1.926795,-0.048874,-0.126539,-0.192558,-0.013566,-0.003520,0.032699,-0.100000,1.583757,1.867997,-0.382102,-0.225304,-0.380819,-0.396021,0.660807,-0.784102,-0.069593,0.212163,0.713712,-0.625921,1.091489,1.121123,0.200000,-0.100000,0.300000,0.258858,0.050000,-0.050000
-1.748049,-1.927112,-0.049768,-0.122209,-0.190039,-0.013462,-0.005904,0.029195,-0.100000,1.580708,1.867856,-0.382953,-0.222652,-0.376506,-0.389381,0.661814,-0.783645,-0.064856,0.220045,0.716154,-0.630815,1.089325,1.116928,0.200000,-0.100000,0.300000,0.261659,0.050000,-0.050000
-1.745853,-1.925418,-0.050118,-0.117534,-0.187972,-0.013703,-0.008713,0.024886,-0.100000,1.576516,1.867175,-0.384494,-0.221099,-0.372470,-0.381548,0.662152,-0.783031,-0.057705,0.228842,0.718187,-0.635467,1.088134,1.112611,0.200000,-0.100000,0.300000,0.264365,0.050000,-0.050000
-1.744282,-1.924362,-0.050189,-0.112717,-0.184598,-0.013679,-0.011131,0.021362,-0.100000,1.571975,1.866323,-0.386072,-0.220143,-0.368260,-0.374147,0.662309,-0.782645,-0.050292,0.237577,0.720172,-0.640042,1.087068,1.108402,0.200000,-0.100000,0.300000,0.267091,0.049999,-0.050000
-1.743963,-1.924583,-0.049703,-0.107614,-0.178607,-0.013122,-0.012768,0.019408,-0.100000,1.566739,1.865131,-0.387725,-0.220378,-0.363703,-0.367612,0.662101,-0.782716,-0.042355,0.246186,0.722061,-0.644460,1.086255,1.104413,0.199999,-0.100000,0.300000,0.269856,0.049999,-0.050000
-1.742268,-1.923921,-0.048945,-0.101679,-0.171788,-0.013275,-0.015489,0.016239,-0.100000,1.559593,1.862278,-0.388827,-0.221659,-0.360019,-0.361686,0.662189,-0.782761,-0.036848,0.254152,0.724034,-0.648547,1.086413,1.101091,0.199999,-0.100000,0.300000,0.272976,0.049999,-0.050000
-1.739886,-1.922818,-0.048051,-0.095329,-0.164555,-0.013783,-0.018751,0.012463,-0.100000,1.551491,1.858595,-0.389655,-0.223464,-0.356773,-0.356065,0.662426,-0.782793,-0.032555,0.261797,0.726051,-0.652467,1.087058,1.098104,0.200000,-0.100000,0.300000,0.276274,0.049999,-0.050000
-1.747597,-1.919638,-0.046677,-0.076311,-0.157562,-0.016084,-0.036880,0.006960,-0.100000,1.525602,1.854245,-0.388247,-0.225066,-0.344866,-0.356320,0.662522,-0.783437,-0.028350,0.261799,0.728615,-0.657676,1.086484,1.094650,0.200000,-0.100000,0.300000,0.280632,0.050000,-0.050000
-1.751901,-1.916910,-0.045271,-0.061500,-0.151362,-0.017573,-0.050838,0.001300,-0.100000,1.503724,1.847968,-0.385933,-0.226752,-0.335034,-0.356834,0.661294,-0.782381,-0.026985,0.261800,0.731526,-0.662451,1.085760,1.091048,0.200000,-0.100000,0.300000,0.284980,0.050000,-0.050000
-1.749390,-1.915087,-0.043798,-0.055101,-0.146752,-0.017437,-0.056454,-0.004673,-0.100000,1.489866,1.837834,-0.381807,-0.228603,-0.329351,-0.357867,0.657417,-0.777923,-0.031299,0.261800,0.735129,-0.666358,1.084736,1.087149,0.200000,-0.100000,0.300000,0.289311,0.050000,-0.050000
-1.744366,-1.910179,-0.041946,-0.047979,-0.141394,-0.016843,-0.061515,-0.010260,-0.100000,1.471923,1.822300,-0.376476,-0.230610,-0.322969,-0.356511,0.652413,-0.770528,-0.036339,0.261800,0.738864,-0.669240,1.084635,1.084889,0.200000,-0.100000,0.300000,0.294079,0.050000,-0.050000
-1.738087,-1.903730,-0.039903,-0.040496,-0.135662,-0.016020,-0.066300,-0.015653,-0.100000,1.451939,1.804066,-0.370542,-0.232694,-0.316238,-0.353962,0.646845,-0.761664,-0.041740,0.261800,0.742665,-0.671610,1.084997,1.083448,0.200000,-0.100000,0.300000,0.299065,0.050000,-0.050000
-1.731476,-1.893804,-0.038246,-0.031111,-0.128429,-0.017258,-0.075063,-0.025992,-0.100000,1.427186,1.775758,-0.365728,-0.235173,-0.311028,-0.356908,0.642988,-0.749294,-0.051098,0.261800,0.746036,-0.672902,1.085211,1.083698,0.200000,-0.100000,0.300000,0.299626,0.050000,-0.050000
-1.724089,-1.883267,-0.037479,-0.022768,-0.122344,-0.018132,-0.083413,-0.035884,-0.100000,1.401347,1.747937,-0.360925,-0.237132,-0.305253,-0.360498,0.638638,-0.736797,-0.059801,0.261800,0.749273,-0.674171,1.085791,1.083755,0.200000,-0.100000,0.300000,0.300000,0.050000,-0.050000
-1.715151,-1.871508,-0.038492,-0.016508,-0.118555,-0.018280,-0.090936,-0.044881,-0.100000,1.373334,1.721091,-0.356143,-0.238051,-0.298349,-0.365378,0.633304,-0.724048,-0.067194,0.261800,0.752244,-0.675397,1.087105,1.083425,0.200000,-0.100000,0.300000,0.300000,0.050000,-0.050000
-1.707308,-1.859791,-0.042113,-0.010091,-0.117800,-0.018055,-0.094818,-0.053545,-0.100000,1.346458,1.695536,-0.353104,-0.236523,-0.291586,-0.370418,0.628551,-0.713524,-0.074031,0.261800,0.755197,-0.677358,1.087037,1.083413,0.200000,-0.100000,0.300000,0.300000,0.050000,-0.050000
-1.700012,-1.848094,-0.047039,-0.003596,-0.118562,-0.017645,-0.096880,-0.062041,-0.100000,1.320151,1.670625,-0.350935,-0.233772,-0.284893,-0.375540,0.624089,-0.704112,-0.080591,0.261800,0.758140,-0.679686,1.086277,1.083560,0.200000,-0.100000,0.300000,0.300000,0.050000,-0.050000
-1.695676,-1.836768,-0.052193,-0.001365,-0.121222,-0.018274,-0.098279,-0.066894,-0.100000,1.307890,1.653574,-0.348647,-0.227749,-0.279085,-0.382186,0.620409,-0.695853,-0.085030,0.261800,0.761160,-0.682579,1.085441,1.084278,0.200000,-0.100000,0.300000,0.300000,0.050000,-0.050000
-1.682748,-1.826211,-0.057848,0.002896,-0.124563,-0.019720,-0.103857,-0.070427,-0.100000,1.312869,1.639187,-0.346879,-0.221855,-0.273013,-0.387750,0.617188,-0.688895,-0.086426,0.261800,0.764029,-0.685495,1.084460,1.084378,0.200000,-0.100000,0.300000,0.300000,0.050000,-0.050000
-1.652639,-1.817193,-0.064506,0.011217,-0.129267,-0.022797,-0.117792,-0.071321,-0.100000,1.352326,1.630128,-0.346149,-0.216218,-0.266417,-0.391149,0.614884,-0.684539,-0.081739,0.261800,0.766593,-0.688459,1.083188,1.083243,0.200000,-0.100000,0.300000,0.300000,0.050000,-0.050000
-1.620780,-1.801869,-0.071635,0.006188,-0.132653,-0.026833,-0.131430,-0.066800,-0.100000,1.431204,1.613189,-0.344368,-0.210486,-0.271869,-0.390452,0.613073,-0.679889,-0.079134,0.261800,0.768833,-0.690530,1.083052,1.082206,0.200000,-0.100000,0.300000,0.300000,0.050000,-0.050000
-1.588047,-1.783393,-0.079000,-0.005515,-0.135381,-0.031348,-0.144918,-0.059572,-0.100000,1.529790,1.592311,-0.342062,-0.204706,-0.283345,-0.387708,0.611510,-0.675090,-0.077571,0.261800,0.770910,-0.692154,1.083483,1.081218,0.199999,-0.099999,0.300000,0.300000,0.049999,-0.050000
-1.562977,-1.769898,-0.083620,-0.016501,-0.136686,-0.033930,-0.152173,-0.053316,-0.100000,1.613880,1.575695,-0.338530,-0.200676,-0.289003,-0.385872,0.607792,-0.674035,-0.075880,0.261800,0.772963,-0.694297,1.085553,1.080527,0.199999,-0.099999,0.300000,0.300000,0.049999,-0.050000
-1.533818,-1.760268,-0.087508,-0.026109,-0.138378,-0.035659,-0.160861,-0.047512,-0.100000,1.693732,1.563992,-0.335051,-0.197361,-0.294579,-0.379926,0.603706,-0.673954,-0.073870,0.261800,0.774763,-0.696432,1.087481,1.079576,0.199999,-0.100000,0.300000,0.300000,0.049999,-0.050000
-1.496482,-1.758366,-0.089933,-0.032962,-0.140843,-0.035682,-0.172414,-0.042611,-0.100000,1.765109,1.562115,-0.331674,-0.195474,-0.299992,-0.365758,0.598885,-0.675820,-0.071222,0.261800,0.776060,-0.698554,1.089128,1.078106,0.199999,-0.100000,0.300000,0.300000,0.049998,-0.050000
-1.457040,-1.760214,-0.091041,-0.039045,-0.140915,-0.035648,-0.185751,-0.038565,-0.100000,1.824597,1.567250,-0.327479,-0.194826,-0.292921,-0.361484,0.594498,-0.675463,-0.070377,0.261800,0.777434,-0.700065,1.091051,1.076167,0.199999,-0.100000,0.300000,0.300000,0.049997,-0.050000
-1.416545,-1.763936,-0.091490,-0.044743,-0.139792,-0.035585,-0.199981,-0.034947,-0.100000,1.878141,1.575892,-0.322873,-0.194798,-0.279607,-0.362157,0.590329,-0.673995,-0.070433,0.261800,0.778847,-0.701270,1.093114,1.073993,0.199998,-0.099999,0.300000,0.300000,0.049996,-0.050000
-1.380252,-1.771381,-0.092093,-0.051651,-0.118351,-0.027190,-0.228204,0.010660,-0.100000,1.906170,1.567067,-0.317903,-0.194177,-0.266124,-0.345932,0.588184,-0.667952,-0.070041,0.261800,0.780867,-0.701766,1.097025,1.074720,0.199999,-0.100000,0.300000,0.300000,0.049999,-0.050000
-1.346590,-1.776867,-0.091096,-0.056480,-0.100310,-0.021443,-0.249503,0.041381,-0.100000,1.920998,1.562348,-0.313540,-0.195590,-0.254349,-0.330189,0.586365,-0.663236,-0.070252,0.261800,0.782837,-0.702147,1.100434,1.075235,0.200000,-0.100000,0.300000,0.300000,0.050000,-0.050000
-1.318187,-1.778437,-0.086902,-0.057149,-0.089066,-0.020991,-0.256957,0.042328,-0.100000,1.909424,1.565839,-0.310389,-0.201075,-0.245990,-0.315411,0.585197,-0.661172,-0.071670,0.261800,0.784707,-0.702300,1.102835,1.075328,0.200000,-0.099999,0.300000,0.300000,0.050000,-0.050000
-1.293956,-1.779508,-0.082487,-0.052682,-0.079454,-0.020191,-0.260842,0.042111,-0.100000,1.893793,1.564084,-0.307222,-0.207290,-0.236069,-0.307957,0.584978,-0.660629,-0.073081,0.261229,0.786547,-0.702865,1.105891,1.074066,0.200000,-0.099999,0.300000,0.300000,0.050000,-0.050000
-1.271811,-1.780329,-0.077962,-0.045646,-0.070659,-0.019216,-0.262943,0.041312,-0.100000,1.876133,1.559704,-0.304047,-0.213871,-0.225365,-0.304166,0.585234,-0.660847,-0.074487,0.260372,0.788373,-0.703635,1.109275,1.072127,0.200000,-0.100000,0.300000,0.300000,0.050000,-0.050000
-1.251239,-1.782723,-0.074362,-0.039039,-0.062887,-0.019071,-0.261440,0.041295,-0.100000,1.863219,1.558093,-0.300000,-0.218837,-0.213944,-0.299272,0.586362,-0.661165,-0.074995,0.258301,0.790415,-0.704715,1.111886,1.072276,0.200000,-0.100000,0.300000,0.300000,0.050000,-0.050000
-1.231690,-1.785256,-0.071128,-0.032814,-0.055662,-0.019142,-0.259137,0.042452,-0.100000,1.856265,1.558529,-0.296117,-0.223645,-0.203414,-0.296101,0.587550,-0.661198,-0.075687,0.256937,0.792444,-0.705871,1.114284,1.071949,0.200000,-0.100000,0.300000,0.300000,0.050000,-0.050000
-1.214189,-1.788063,-0.068625,-0.027355,-0.049534,-0.019645,-0.255232,0.045956,-0.100000,1.861229,1.563061,-0.292562,-0.228138,-0.194667,-0.296378,0.588853,-0.660660,-0.076747,0.256986,0.794443,-0.707181,1.116253,1.070672,0.200000,-0.100000,0.300000,0.300000,0.050000,-0.050000
-1.197514,-1.791460,-0.067489,-0.021781,-0.044883,-0.020879,-0.252988,0.049992,-0.100000,1.868932,1.568105,-0.288636,-0.232163,-0.186807,-0.296760,0.590847,-0.661749,-0.078334,0.256346,0.796826,-0.708869,1.117144,1.068584,0.200000,-0.100000,0.300000,0.300000,0.050000,-0.050000
-1.181251,-1.795153,-0.067036,-0.016151,-0.040971,-0.022478,-0.251575,0.054294,-0.100000,1.878005,1.573406,-0.284525,-0.235954,-0.179390,-0.297194,0.593186,-0.663651,-0.080185,0.255363,0.799401,-0.710748,1.117496,1.066092,0.200000,-0.100000,0.300000,0.300000,0.050000,-0.050000
-1.172685,-1.800739,-0.064167,-0.010248,-0.037846,-0.024363,-0.246530,0.053937,-0.100000,1.888153,1.582857,-0.280305,-0.240379,-0.193998,-0.297573,0.595388,-0.663932,-0.082374,0.253922,0.801880,-0.712671,1.118964,1.064616,0.200000,-0.100000,0.300000,0.300000,0.050000,-0.050000
-1.163769,-1.806733,-0.060854,-0.003720,-0.034895,-0.026100,-0.240922,0.053621,-0.100000,1.898805,1.593547,-0.276139,-0.244722,-0.209684,-0.299061,0.597580,-0.664636,-0.083759,0.252462,0.804323,-0.714661,1.119921,1.063203,0.200000,-0.100000,0.300000,0.300000,0.050000,-0.050000
-1.154156,-1.813542,-0.056653,0.004055,-0.032292,-0.027541,-0.234187,0.053389,-0.100000,1.910466,1.606717,-0.272081,-0.248902,-0.227527,-0.302768,0.599749,-0.666188,-0.083537,0.250964,0.806694,-0.716786,1.119856,1.061919,0.200000,-0.100000,0.300000,0.300000,0.050000,-0.050000
-1.142774,-1.821040,-0.052113,0.014031,-0.027957,-0.026924,-0.224926,0.052394,-0.100000,1.917710,1.625182,-0.266466,-0.252878,-0.240094,-0.308501,0.602468,-0.669766,-0.080554,0.246916,0.809458,-0.719064,1.120114,1.061468,0.200000,-0.100000,0.300000,0.300000,0.050000,-0.050000
-1.130508,-1.828884,-0.047402,0.025108,-0.022755,-0.025277,-0.214403,0.051019,-0.100000,1.922747,1.646295,-0.260071,-0.256754,-0.250024,-0.315246,0.605462,-0.674359,-0.076190,0.241591,0.812418,-0.721418,1.120533,1.061434,0.200000,-0.100000,0.300000,0.300000,0.050000,-0.050000
-1.119475,-1.838845,-0.042929,0.032487,-0.017358,-0.026017,-0.203202,0.051053,-0.100000,1.928055,1.666634,-0.253800,-0.262672,-0.260111,-0.320556,0.608693,-0.676973,-0.073710,0.236687,0.815322,-0.723341,1.120249,1.061489,0.200000,-0.100000,0.300000,0.300000,0.050000,-0.050000
-1.107856,-1.848287,-0.039204,0.040483,-0.012261,-0.026144,-0.191421,0.051589,-0.100000,1.934026,1.687762,-0.247077,-0.267831,-0.270235,-0.326058,0.611684,-0.679740,-0.069922,0.231294,0.818278,-0.725520,1.120298,1.060958,0.200000,-0.100000,0.300000,0.300000,0.050000,-0.050000
-1.095067,-1.856692,-0.036978,0.049712,-0.007763,-0.025041,-0.178478,0.053129,-0.100000,1.941319,1.710470,-0.239450,-0.271473,-0.280436,-0.331946,0.614194,-0.682812,-0.063518,0.224925,0.821341,-0.728211,1.121009,1.059251,0.200000,-0.100000,0.300000,0.300000,0.050000,-0.050000
-1.080117,-1.863687,-0.034604,0.058074,-0.004003,-0.025565,-0.166023,0.055386,-0.100000,1.949508,1.731873,-0.235689,-0.276428,-0.294621,-0.339106,0.618587,-0.685463,-0.058062,0.218939,0.823765,-0.730422,1.119273,1.056827,0.200000,-0.100000,0.300000,0.300000,0.050000,-0.050000
-1.064087,-1.869977,-0.032154,0.066004,-0.000614,-0.026901,-0.153811,0.058001,-0.100000,1.958145,1.752623,-0.233860,-0.282040,-0.310799,-0.346903,0.623922,-0.687904,-0.053080,0.213145,0.825870,-0.732394,1.116313,1.054044,0.200000,-0.100000,0.300000,0.300000,0.050000,-0.050000
-1.047894,-1.878352,-0.029837,0.073241,0.002071,-0.027343,-0.143760,0.060023,-0.100000,1.971454,1.776377,-0.231221,-0.284536,-0.331618,-0.355639,0.629999,-0.688296,-0.048781,0.203715,0.828162,-0.735015,1.118841,1.053086,0.200000,-0.100000,0.300000,0.300000,0.050000,-0.050000
-1.032854,-1.887159,-0.026535,0.080611,0.004498,-0.028085,-0.134511,0.061313,-0.100000,1.985026,1.798764,-0.229502,-0.286095,-0.352222,-0.363338,0.636097,-0.689596,-0.044925,0.195832,0.830264,-0.737950,1.120421,1.052204,0.200000,-0.100000,0.300000,0.300000,0.050000,-0.050000
-1.020119,-1.896833,-0.021267,0.088250,0.006408,-0.029425,-0.126864,0.061140,-0.100000,1.999126,1.818415,-0.229626,-0.285777,-0.372395,-0.368960,0.642236,-0.692710,-0.041956,0.191041,0.831982,-0.741511,1.120106,1.051474,0.200000,-0.100000,0.300000,0.300000,0.050000,-0.050000
-1.005472,-1.903495,-0.017961,0.092181,0.006447,-0.030961,-0.121021,0.062723,-0.100000,2.014970,1.837775,-0.229461,-0.285425,-0.391247,-0.377142,0.647426,-0.694740,-0.040490,0.181920,0.833540,-0.744897,1.119137,1.051280,0.200000,-0.100000,0.300000,0.300000,0.049999,-0.050000
-0.989869,-1.908650,-0.015635,0.094260,0.005551,-0.032595,-0.116080,0.065185,-0.100000,2.031686,1.856989,-0.229152,-0.285056,-0.409439,-0.386604,0.652143,-0.696229,-0.039776,0.170632,0.835018,-0.748193,1.117840,1.051355,0.199999,-0.100000,0.300000,0.300000,0.049999,-0.050000
-0.978760,-1.917259,-0.011112,0.096838,0.007241,-0.035892,-0.112034,0.066225,-0.100000,2.053334,1.869868,-0.231014,-0.286339,-0.427856,-0.386552,0.657205,-0.697308,-0.041774,0.160637,0.836253,-0.751327,1.116246,1.050826,0.199999,-0.100000,0.300000,0.300000,0.049998,-0.050000
-0.963233,-1.928812,-0.010218,0.095192,0.000782,-0.040808,-0.107950,0.061951,-0.100000,2.071507,1.881161,-0.233014,-0.284809,-0.445779,-0.382406,0.661148,-0.697712,-0.042671,0.156232,0.837297,-0.754806,1.115021,1.051026,0.199999,-0.100000,0.300000,0.300000,0.049998,-0.050000
-0.938872,-1.946252,-0.016584,0.085100,-0.021976,-0.048966,-0.103789,0.047048,-0.100000,2.082731,1.889282,-0.235289,-0.277653,-0.462714,-0.370070,0.662856,-0.696764,-0.041365,0.163008,0.837961,-0.758974,1.114530,1.052685,0.200000,-0.100000,0.300000,0.300000,0.050000,-0.050000
-0.923189,-1.956101,-0.018696,0.079701,-0.035992,-0.057088,-0.097727,-0.002052,-0.100000,2.094909,1.963320,-0.238526,-0.273926,-0.475793,-0.346962,0.665423,-0.694643,-0.039193,0.174575,0.838614,-0.762509,1.114407,1.052865,0.199999,-0.100000,0.300000,0.300000,0.049997,-0.050000
-0.911845,-1.962154,-0.018681,0.076649,-0.045636,-0.065193,-0.090714,-0.068251,-0.100000,2.107565,2.070317,-0.242245,-0.271912,-0.486943,-0.318466,0.668421,-0.691937,-0.036587,0.188538,0.839261,-0.765725,1.114467,1.052306,0.199998,-0.100000,0.300000,0.300000,0.049992,-0.050000
-0.893799,-1.976407,-0.017044,0.075810,-0.054457,-0.073301,-0.090352,-0.109202,-0.100000,2.122021,2.165336,-0.246082,-0.267408,-0.505870,-0.285220,0.672762,-0.684573,-0.040657,0.201854,0.839536,-0.768798,1.113012,1.053092,0.199999,-0.100000,0.300000,0.300000,0.049996,-0.050000
-0.874651,-1.988042,-0.016688,0.073429,-0.064264,-0.081193,-0.088705,-0.149535,-0.100000,2.133654,2.247766,-0.250112,-0.261869,-0.522828,-0.253062,0.676272,-0.677538,-0.042833,0.214688,0.839661,-0.772095,1.111861,1.053527,0.199998,-0.100000,0.300000,0.300000,0.049972,-0.050000
-0.853296,-1.994444,-0.018894,0.067965,-0.076039,-0.088656,-0.084489,-0.188630,-0.100000,2.139640,2.305020,-0.254528,-0.254261,-0.535851,-0.223077,0.678118,-0.671158,-0.041221,0.226559,0.839486,-0.775844,1.111318,1.053259,0.199993,-0.100000,0.300000,0.300000,0.049895,-0.050000
-0.838106,-2.001621,-0.020056,0.065624,-0.083251,-0.091370,-0.088451,-0.178535,-0.100000,2.148755,2.324650,-0.258247,-0.247176,-0.548681,-0.200584,0.679122,-0.665989,-0.043858,0.236255,0.839149,-0.779809,1.111517,1.052436,0.199985,-0.100000,0.300000,0.300000,0.049722,-0.050000
-0.825999,-2.009185,-0.020696,0.064843,-0.088180,-0.091709,-0.096502,-0.143844,-0.100000,2.159435,2.325469,-0.261619,-0.240351,-0.561417,-0.181836,0.679704,-0.661424,-0.048620,0.244864,0.838731,-0.783881,1.112089,1.051334,0.199976,-0.100000,0.300000,0.300000,0.049502,-0.050000
-0.818595,-2.013705,-0.025794,0.061719,-0.094393,-0.092471,-0.099031,-0.108355,-0.100000,2.166690,2.322035,-0.266788,-0.232670,-0.574946,-0.167423,0.680565,-0.659354,-0.046556,0.253426,0.837608,-0.788684,1.110136,1.049024,0.199782,-0.100000,0.300000,0.300000,0.049040,-0.050000
-0.813277,-2.015432,-0.024721,0.053893,-0.092325,-0.095870,-0.115350,-0.081227,-0.100000,2.176007,2.320998,-0.268875,-0.227066,-0.561192,-0.155911,0.681931,-0.658105,-0.044262,0.259668,0.837040,-0.793491,1.110074,1.047289,0.199692,-0.100000,0.300000,0.300000,0.048654,-0.050000
-0.812132,-2.011573,-0.011310,0.036660,-0.073695,-0.104544,-0.159248,-0.070825,-0.100000,2.189446,2.324754,-0.264797,-0.225617,-0.492871,-0.150203,0.684307,-0.658495,-0.041509,0.261267,0.837581,-0.798306,1.113794,1.046704,0.199810,-0.100000,0.300000,0.300000,0.048423,-0.050000
-0.818324,-2.009389,-0.005307,0.022903,-0.069142,-0.104415,-0.165868,-0.066488,-0.100000,2.202394,2.323858,-0.263841,-0.222264,-0.435751,-0.147108,0.685066,-0.659094,-0.040625,0.261800,0.837762,-0.804952,1.116504,1.043907,0.199899,-0.100000,0.300000,0.300000,0.048159,-0.050000
-0.828184,-2.008042,-0.003009,0.010883,-0.071627,-0.099885,-0.153847,-0.065186,-0.100000,2.215096,2.320635,-0.264445,-0.217960,-0.384233,-0.145319,0.685015,-0.659798,-0.040674,0.261800,0.837763,-0.812514,1.118708,1.040003,0.199973,-0.100000,0.300000,0.300000,0.047879,-0.050000
-0.837855,-2.007817,-0.001443,0.002437,-0.075431,-0.095932,-0.138086,-0.063461,-0.100000,2.216769,2.319107,-0.263805,-0.214559,-0.348491,-0.146639,0.684402,-0.660885,-0.041250,0.261800,0.837859,-0.819168,1.119899,1.040084,0.199986,-0.100000,0.300000,0.300000,0.047671,-0.050000
-0.847217,-2.009381,-0.000273,-0.004436,-0.079727,-0.093805,-0.127769,-0.061988,-0.100000,2.217615,2.318677,-0.264079,-0.211527,-0.319759,-0.147071,0.684361,-0.660686,-0.040770,0.261800,0.837853,-0.825574,1.120863,1.039898,0.199992,-0.100000,0.300000,0.300000,0.047424,-0.050000
-0.855961,-2.014523,0.000107,-0.008162,-0.085005,-0.095332,-0.128340,-0.061018,-0.100000,2.216807,2.320442,-0.266182,-0.209233,-0.305045,-0.145728,0.685464,-0.657915,-0.038178,0.261800,0.837642,-0.831483,1.121375,1.039175,0.199986,-0.100000,0.300000,0.300000,0.047099,-0.050000
-0.861974,-2.017805,0.000702,-0.012528,-0.089833,-0.095442,-0.127102,-0.058327,-0.100000,2.215483,2.321975,-0.266968,-0.207933,-0.292514,-0.143437,0.685697,-0.656209,-0.035322,0.261800,0.837671,-0.837085,1.123702,1.037764,0.199989,-0.100000,0.300000,0.300000,0.046841,-0.050000
-0.866622,-2.020157,0.001406,-0.017214,-0.094436,-0.094844,-0.124959,-0.054775,-0.100000,2.213902,2.323392,-0.267096,-0.207131,-0.281076,-0.140672,0.685496,-0.655034,-0.032335,0.261800,0.837821,-0.842532,1.126938,1.036009,0.199996,-0.100000,0.300000,0.300000,0.046616,-0.050000
-0.868512,-2.020570,0.003282,-0.022787,-0.099090,-0.094765,-0.121555,-0.050176,-0.100000,2.212133,2.323677,-0.266369,-0.208048,-0.270730,-0.134233,0.683163,-0.654837,-0.030012,0.261800,0.837845,-0.847456,1.129457,1.034388,0.199997,-0.100000,0.300000,0.300000,0.046385,-0.050000
-0.870295,-2.021511,0.005227,-0.026382,-0.103055,-0.094286,-0.118036,-0.045679,-0.100000,2.210373,2.324561,-0.265369,-0.209115,-0.260610,-0.127698,0.681221,-0.654325,-0.027662,0.261800,0.837987,-0.852317,1.131797,1.032547,0.199997,-0.100000,0.300000,0.300000,0.046208,-0.050000
-0.871865,-2.023508,0.007309,-0.026021,-0.105644,-0.093006,-0.114289,-0.041384,-0.100000,2.208634,2.326643,-0.263823,-0.210480,-0.250942,-0.120973,0.680059,-0.653181,-0.025257,0.261800,0.838365,-0.857054,1.133778,1.030270,0.199999,-0.100000,0.300000,0.300000,0.046141,-0.050000
-0.872879,-2.024202,0.008746,-0.024894,-0.108542,-0.091473,-0.112672,-0.037730,-0.100000,2.207281,2.328498,-0.263162,-0.211543,-0.241589,-0.114326,0.679746,-0.651058,-0.023948,0.261800,0.838615,-0.861517,1.135083,1.029002,0.199999,-0.100000,0.300000,0.300000,0.046033,-0.050000
-0.873614,-2.024244,0.009860,-0.023386,-0.111595,-0.089813,-0.112120,-0.034395,-0.100000,2.206120,2.330239,-0.262945,-0.212456,-0.232393,-0.107717,0.679857,-0.648444,-0.023187,0.261800,0.838801,-0.865844,1.136051,1.028240,0.199999,-0.100000,0.300000,0.300000,0.045905,-0.050000
-0.873037,-2.025186,0.010698,-0.029683,-0.116041,-0.088192,-0.110205,-0.029539,-0.100000,2.207271,2.332372,-0.261906,-0.213523,-0.226553,-0.101571,0.678575,-0.647717,-0.021760,0.261800,0.838966,-0.870257,1.136724,1.026781,0.199999,-0.100000,0.300000,0.300000,0.045798,-0.050000
-0.872052,-2.025716,0.011334,-0.035025,-0.120059,-0.086714,-0.109021,-0.024728,-0.100000,2.208397,2.334661,-0.261174,-0.214656,-0.220824,-0.095513,0.677550,-0.647065,-0.020317,0.261800,0.839086,-0.874663,1.137128,1.025426,0.199999,-0.100000,0.300000,0.300000,0.045676,-0.050000
-0.870251,-2.025422,0.011569,-0.038455,-0.123219,-0.085518,-0.109298,-0.020008,-0.100000,2.209472,2.337261,-0.261056,-0.215924,-0.215318,-0.089630,0.677037,-0.646561,-0.018840,0.261800,0.839116,-0.879056,1.136993,1.024280,0.199998,-0.100000,0.300000,0.300000,0.045524,-0.050000
-0.872232,-2.025831,0.010681,-0.045922,-0.128043,-0.085229,-0.111593,-0.015707,-0.100000,2.210020,2.338094,-0.262334,-0.217302,-0.206826,-0.085512,0.675879,-0.644197,-0.019694,0.261800,0.838860,-0.882844,1.136655,1.023587,0.199995,-0.100000,0.300000,0.300000,0.045304,-0.050000
-0.876104,-2.026591,0.009233,-0.055408,-0.133700,-0.085393,-0.114897,-0.011616,-0.100000,2.210303,2.338042,-0.264311,-0.218735,-0.196840,-0.082278,0.674401,-0.640904,-0.021715,0.261800,0.838462,-0.886329,1.136216,1.023121,0.199989,-0.100000,0.300000,0.300000,0.045049,-0.050000
-0.877079,-2.027061,0.007901,-0.064822,-0.139071,-0.085029,-0.116497,-0.006202,-0.100000,2.211566,2.340969,-0.266366,-0.220022,-0.190056,-0.080540,0.672109,-0.638102,-0.022608,0.261800,0.837892,-0.889568,1.135064,1.021870,0.199978,-0.100000,0.300000,0.300000,0.044734,-0.050000
-0.878017,-2.027353,0.006929,-0.073628,-0.144090,-0.084697,-0.117255,-0.000895,-0.100000,2.213084,2.343857,-0.268216,-0.221151,-0.183351,-0.080114,0.669906,-0.635505,-0.023119,0.261800,0.837398,-0.892779,1.134135,1.020894,0.199973,-0.100000,0.300000,0.300000,0.044444,-0.050000
-0.878882,-2.027285,0.006677,-0.081218,-0.148404,-0.084431,-0.116332,0.004199,-0.100000,2.215112,2.346669,-0.269658,-0.221965,-0.176805,-0.082309,0.667884,-0.633320,-0.022869,0.261800,0.837056,-0.895932,1.133650,1.020466,0.199982,-0.100000,0.300000,0.300000,0.044207,-0.050000
-0.879656,-2.026343,0.007280,-0.086655,-0.151836,-0.083497,-0.113826,0.008429,-0.100000,2.215355,2.348807,-0.270170,-0.223472,-0.168529,-0.085675,0.665144,-0.631373,-0.021899,0.261800,0.836764,-0.898861,1.133754,1.019867,0.199988,-0.100000,0.300000,0.300000,0.043971,-0.050000
-0.880385,-2.024965,0.008309,-0.091017,-0.154826,-0.082230,-0.110529,0.012226,-0.100000,2.214706,2.350609,-0.270218,-0.225326,-0.159389,-0.089628,0.662046,-0.629546,-0.020568,0.261800,0.836498,-0.901680,1.134153,1.019182,0.199992,-0.100000,0.300000,0.300000,0.043737,-0.050000
-0.878779,-2.022692,0.007753,-0.093161,-0.158485,-0.082548,-0.109238,0.016362,-0.100000,2.214689,2.352798,-0.270602,-0.226707,-0.152367,-0.092298,0.660544,-0.627909,-0.019366,0.261800,0.836416,-0.904160,1.133943,1.018717,0.199996,-0.100000,0.300000,0.300000,0.043605,-0.050000
-0.877009,-2.020360,0.007618,-0.094645,-0.161580,-0.082530,-0.107246,0.020384,-0.100000,2.214621,2.355157,-0.270520,-0.228638,-0.145378,-0.094716,0.659392,-0.626203,-0.017592,0.261800,0.836473,-0.905752,1.134089,1.018969,0.199999,-0.099999,0.300000,0.300000,0.043523,-0.050000
-0.874910,-2.017913,0.008327,-0.094811,-0.163548,-0.081839,-0.103852,0.024177,-0.100000,2.214450,2.357857,-0.269505,-0.231670,-0.138456,-0.096629,0.658941,-0.624361,-0.014672,0.261800,0.836805,-0.905566,1.134948,1.020653,0.200000,-0.099996,0.300000,0.300000,0.043540,-0.050000
-0.873330,-2.015974,0.008261,-0.095603,-0.164981,-0.081894,-0.101028,0.028822,-0.100000,2.215925,2.360518,-0.269270,-0.233177,-0.132777,-0.098932,0.658926,-0.623509,-0.011837,0.261800,0.836953,-0.906036,1.135113,1.022177,0.199999,-0.099997,0.300000,0.300000,0.043480,-0.050000
-0.872011,-2.014290,0.007809,-0.096707,-0.166147,-0.082323,-0.098489,0.033892,-0.100000,2.218222,2.363157,-0.269426,-0.233921,-0.127717,-0.101430,0.659128,-0.623153,-0.009044,0.261800,0.837008,-0.906836,1.134931,1.023620,0.199998,-0.100000,0.300000,0.300000,0.043382,-0.050000
-0.869727,-2.010762,0.008335,-0.097107,-0.166255,-0.081187,-0.093700,0.038799,-0.100000,2.216553,2.365960,-0.266335,-0.231889,-0.119503,-0.104256,0.658314,-0.621557,-0.006275,0.261800,0.837066,-0.907604,1.136013,1.024267,0.199990,-0.100000,0.300000,0.300000,0.043182,-0.050000
-0.868612,-2.008567,0.008597,-0.097672,-0.166510,-0.080377,-0.089047,0.044179,-0.100000,2.216781,2.368553,-0.264276,-0.230145,-0.112355,-0.106779,0.657511,-0.620137,-0.003122,0.261800,0.836976,-0.908368,1.136650,1.024807,0.199976,-0.100000,0.300000,0.300000,0.042961,-0.050000
-0.869836,-2.009037,0.008330,-0.098567,-0.167059,-0.080220,-0.084667,0.050503,-0.100000,2.220800,2.370725,-0.264281,-0.228976,-0.107340,-0.108697,0.656725,-0.619069,0.000800,0.261800,0.836589,-0.909121,1.136398,1.025129,0.199949,-0.100000,0.300000,0.300000,0.042699,-0.050000
-0.869986,-2.008020,0.008848,-0.101755,-0.168750,-0.079439,-0.080739,0.055977,-0.100000,2.222944,2.372825,-0.264228,-0.227926,-0.102006,-0.111401,0.655817,-0.619379,0.004186,0.261800,0.836204,-0.910075,1.135837,1.025188,0.199929,-0.100000,0.300000,0.300000,0.042441,-0.050000
-0.869601,-2.006261,0.009760,-0.106090,-0.171011,-0.078346,-0.077037,0.061027,-0.100000,2.224152,2.374888,-0.264145,-0.226934,-0.096512,-0.114499,0.654846,-0.620377,0.007305,0.261800,0.835820,-0.911131,1.135120,1.025115,0.199913,-0.100000,0.300000,0.300000,0.042184,-0.050000
-0.867862,-2.001003,0.010979,-0.107464,-0.173293,-0.078289,-0.074593,0.065018,-0.100000,2.227537,2.374218,-0.265989,-0.225537,-0.091483,-0.116855,0.657548,-0.616239,0.011033,0.261800,0.835528,-0.911131,1.134333,1.027474,0.199918,-0.099991,0.300000,0.300000,0.041923,-0.050000
-0.866867,-1.996917,0.011972,-0.107804,-0.174904,-0.077924,-0.071830,0.069534,-0.100000,2.231192,2.374350,-0.267845,-0.224020,-0.086797,-0.119151,0.660434,-0.612347,0.014120,0.261800,0.835238,-0.911390,1.133900,1.029057,0.199912,-0.099988,0.300000,0.300000,0.041645,-0.050000
-0.867361,-1.995175,0.012511,-0.106076,-0.175175,-0.076942,-0.068429,0.075100,-0.100000,2.235386,2.376088,-0.269723,-0.222264,-0.082797,-0.121328,0.663688,-0.608945,0.015928,0.261800,0.834950,-0.912164,1.134177,1.029090,0.199885,-0.099997,0.300000,0.300000,0.041331,-0.050000
-0.868668,-1.993128,0.013726,-0.105351,-0.175706,-0.075380,-0.065195,0.078866,-0.100000,2.238875,2.375821,-0.270492,-0.221447,-0.077139,-0.121155,0.668266,-0.604100,0.017872,0.261800,0.834915,-0.912574,1.134772,1.028702,0.199885,-0.100000,0.300000,0.300000,0.041054,-0.050000
-0.870382,-1.990927,0.015277,-0.105126,-0.176366,-0.073528,-0.062044,0.081732,-0.100000,2.242011,2.374551,-0.270708,-0.221100,-0.070651,-0.119807,0.673507,-0.598534,0.019883,0.261800,0.835007,-0.912801,1.135528,1.028103,0.199898,-0.099999,0.300000,0.300000,0.040797,-0.050000
-0.867566,-1.988514,0.018823,-0.099412,-0.176875,-0.068421,-0.058999,0.082233,-0.100000,2.247721,2.374897,-0.271082,-0.222191,-0.074838,-0.115274,0.679050,-0.595713,0.022820,0.261800,0.835335,-0.913615,1.137460,1.029079,0.199952,-0.100000,0.300000,0.300000,0.040596,-0.050000
-0.866114,-1.986457,0.022171,-0.094112,-0.176742,-0.063775,-0.055758,0.082845,-0.100000,2.253771,2.373877,-0.271504,-0.223709,-0.077618,-0.110754,0.684853,-0.592422,0.024507,0.261800,0.835695,-0.914394,1.139507,1.029914,0.199990,-0.100000,0.300000,0.300000,0.040395,-0.050000
-0.867393,-1.985112,0.025123,-0.089638,-0.175329,-0.060052,-0.052125,0.083678,-0.100000,2.260499,2.370126,-0.272021,-0.226082,-0.077586,-0.106262,0.691175,-0.588190,0.023693,0.261800,0.836119,-0.915105,1.141783,1.030466,0.199995,-0.100000,0.300000,0.300000,0.040192,-0.050000
-0.870143,-1.983763,0.028219,-0.084460,-0.172746,-0.057071,-0.046703,0.085026,-0.100000,2.265878,2.365020,-0.271696,-0.228340,-0.078209,-0.101570,0.696710,-0.583754,0.022582,0.261800,0.836547,-0.915842,1.143841,1.030688,0.199998,-0.100000,0.300000,0.300000,0.040002,-0.050000
-0.873628,-1.982410,0.031387,-0.078929,-0.169577,-0.054462,-0.040388,0.086632,-0.100000,2.270583,2.359237,-0.270951,-0.230541,-0.079159,-0.096778,0.701851,-0.579217,0.021323,0.261800,0.836979,-0.916590,1.145791,1.030745,0.199998,-0.100000,0.300000,0.300000,0.039817,-0.050000
-0.877693,-1.982126,0.035138,-0.074583,-0.166884,-0.052886,-0.032984,0.088319,-0.100000,2.273370,2.354175,-0.271325,-0.233328,-0.079091,-0.093336,0.706079,-0.576145,0.022947,0.261800,0.837056,-0.917399,1.147393,1.031211,0.199984,-0.100000,0.300000,0.300000,0.039509,-0.050000
-0.880637,-1.979476,0.037861,-0.068138,-0.163115,-0.049692,-0.025697,0.089525,-0.100000,2.276223,2.347206,-0.273693,-0.237333,-0.079132,-0.089082,0.708562,-0.572438,0.022425,0.261800,0.836662,-0.917995,1.148967,1.031767,0.199870,-0.100000,0.300000,0.300000,0.039024,-0.050000
-0.881341,-1.972093,0.038529,-0.057494,-0.157193,-0.043262,-0.018642,0.089768,-0.100000,2.279210,2.336424,-0.280050,-0.243774,-0.079390,-0.083203,0.707553,-0.567457,0.017610,0.261800,0.835324,-0.918168,1.150488,1.032505,0.199559,-0.100000,0.300000,0.300000,0.038188,-0.050000
-0.882543,-1.965637,0.041985,-0.046754,-0.150678,-0.037825,-0.010323,0.089118,-0.100000,2.279486,2.325539,-0.283628,-0.249640,-0.078080,-0.078047,0.705638,-0.564584,0.014245,0.261800,0.834212,-0.918814,1.152362,1.032492,0.199293,-0.100000,0.300000,0.300000,0.037410,-0.050000
-0.883994,-1.959645,0.046835,-0.035966,-0.143867,-0.032883,-0.001372,0.088020,-0.100000,2.278407,2.314602,-0.285815,-0.255218,-0.075986,-0.073254,0.703269,-0.562765,0.011605,0.261800,0.833212,-0.919698,1.154412,1.032102,0.199049,-0.100000,0.300000,0.300000,0.036661,-0.050000
-0.885282,-1.955864,0.053225,-0.024436,-0.136010,-0.029270,0.008873,0.086310,-0.100000,2.277858,2.303366,-0.284054,-0.260174,-0.075250,-0.066895,0.701763,-0.561229,0.008235,0.261800,0.832843,-0.920590,1.156295,1.030740,0.198981,-0.100000,0.300000,0.300000,0.036143,-0.050000
-0.887010,-1.944232,0.062669,-0.005886,-0.135471,-0.021763,0.023477,0.098510,-0.100000,2.280115,2.292108,-0.280962,-0.267333,-0.077732,-0.064629,0.697559,-0.564000,0.005553,0.261800,0.832221,-0.921664,1.158168,1.029531,0.198822,-0.100000,0.300000,0.300000,0.035464,-0.050000
-0.889615,-1.916896,0.078223,0.026707,-0.149569,-0.006465,0.046801,0.138529,-0.100000,2.287980,2.280805,-0.275210,-0.278902,-0.086650,-0.070550,0.687959,-0.575387,0.004247,0.261800,0.831093,-0.923100,1.160020,1.028630,0.198482,-0.100000,0.300000,0.300000,0.034461,-0.050000
-0.887164,-1.893781,0.089414,0.042750,-0.154933,0.003316,0.060255,0.160035,-0.100000,2.287703,2.280111,-0.268324,-0.286751,-0.089188,-0.075632,0.678961,-0.583234,-0.003497,0.261800,0.830088,-0.924768,1.160533,1.030479,0.198183,-0.100000,0.300000,0.300000,0.033520,-0.050000
-0.882184,-1.872775,0.098424,0.050520,-0.155930,0.010340,0.068774,0.172285,-0.100000,2.283355,2.284722,-0.260872,-0.292741,-0.088537,-0.080296,0.670263,-0.589313,-0.014459,0.261800,0.829144,-0.926554,1.160376,1.033705,0.197904,-0.100000,0.300000,0.300000,0.032611,-0.050000
-0.878351,-1.837265,0.108629,0.060764,-0.154757,0.013780,0.078617,0.190423,-0.100000,2.275776,2.312050,-0.253265,-0.296779,-0.085100,-0.078605,0.666795,-0.589674,-0.027828,0.261800,0.828621,-0.927629,1.159386,1.039364,0.197736,-0.099999,0.300000,0.300000,0.031925,-0.050000
-0.872558,-1.798764,0.119921,0.069143,-0.153717,0.019889,0.083776,0.209972,-0.100000,2.269721,2.343386,-0.244837,-0.301020,-0.083296,-0.071251,0.664329,-0.592058,-0.042171,0.261800,0.828304,-0.929180,1.157842,1.045270,0.197640,-0.099998,0.300000,0.300000,0.031297,-0.050000
-0.862846,-1.754285,0.133387,0.073794,-0.152941,0.031334,0.079571,0.232343,-0.100000,2.266712,2.382736,-0.234767,-0.305666,-0.084758,-0.052570,0.663864,-0.598487,-0.058463,0.261800,0.828400,-0.931683,1.155191,1.051671,0.197692,-0.099998,0.300000,0.300000,0.030786,-0.050000
-0.857852,-1.717079,0.146685,0.078284,-0.148870,0.045116,0.073648,0.267091,-0.100000,2.264849,2.440863,-0.224733,-0.309749,-0.086050,-0.029332,0.658929,-0.606265,-0.074209,0.261800,0.827958,-0.935130,1.152901,1.061695,0.197604,-0.099998,0.300000,0.300000,0.030101,-0.050000
-0.855218,-1.683512,0.159898,0.082694,-0.143153,0.060066,0.066866,0.308025,-0.100000,2.263560,2.508376,-0.214717,-0.313549,-0.087258,-0.003816,0.651759,-0.614717,-0.089680,0.261800,0.827247,-0.939048,1.150792,1.073531,0.197445,-0.100000,0.300000,0.300000,0.029331,-0.050000
-0.855520,-1.592018,0.164613,0.080185,-0.141568,0.061855,0.068898,0.340116,-0.100000,2.266212,2.516587,-0.207296,-0.319556,-0.089477,0.027715,0.649670,-0.618685,-0.102647,0.261800,0.826529,-0.941342,1.148133,1.077852,0.197254,-0.100000,0.300000,0.300000,0.028505,-0.050000
-0.852457,-1.490906,0.167861,0.076628,-0.140316,0.065197,0.069178,0.370873,-0.100000,2.266644,2.512954,-0.199880,-0.324059,-0.092097,0.056585,0.647599,-0.622753,-0.111997,0.261800,0.825962,-0.943987,1.148046,1.082764,0.197106,-0.100000,0.300000,0.300000,0.027704,-0.050000
-0.842665,-1.370552,0.168175,0.070977,-0.139727,0.071645,0.065957,0.398964,-0.100000,2.262633,2.485630,-0.192473,-0.325556,-0.095519,0.080134,0.645564,-0.627019,-0.114116,0.261800,0.825698,-0.947334,1.153102,1.088856,0.197042,-0.100000,0.300000,0.300000,0.026951,-0.050000
-0.824475,-1.271050,0.162222,0.058094,-0.136864,0.078239,0.057598,0.413582,-0.100000,2.257214,2.460767,-0.179828,-0.323260,-0.101342,0.100195,0.640293,-0.630111,-0.118968,0.261800,0.825792,-0.950550,1.156140,1.095209,0.197088,-0.100000,0.300000,0.300000,0.026473,-0.050000
-0.802087,-1.181969,0.153136,0.041595,-0.132864,0.084908,0.046671,0.421463,-0.100000,2.251091,2.437134,-0.164562,-0.319067,-0.108367,0.118514,0.633403,-0.632616,-0.125187,0.261800,0.826065,-0.953701,1.158169,1.101693,0.197190,-0.100000,0.300000,0.300000,0.026132,-0.050000
-0.782481,-1.100403,0.149579,0.024877,-0.122571,0.079939,0.027349,0.412647,-0.100000,2.249371,2.406588,-0.165405,-0.304638,-0.113822,0.134668,0.634560,-0.629977,-0.131885,0.261800,0.825135,-0.958797,1.153579,1.109867,0.197156,-0.100000,0.300000,0.300000,0.025748,-0.050000
-0.761733,-1.023302,0.146773,0.007452,-0.115347,0.075275,0.005778,0.402012,-0.100000,2.246274,2.376061,-0.166075,-0.288498,-0.118334,0.148060,0.635000,-0.628501,-0.137839,0.261800,0.824358,-0.964421,1.149122,1.118996,0.197219,-0.100000,0.300000,0.300000,0.025491,-0.050000
-0.738702,-0.955138,0.145471,-0.011384,-0.114261,0.071220,-0.020291,0.387739,-0.100000,2.240422,2.345574,-0.166398,-0.268937,-0.120956,0.155925,0.634006,-0.629348,-0.142303,0.261800,0.823883,-0.971101,1.144935,1.130033,0.197473,-0.100000,0.300000,0.300000,0.025487,-0.050000
-0.718039,-0.895763,0.139999,-0.031668,-0.110002,0.069657,-0.049830,0.368675,-0.100000,2.237632,2.317884,-0.165729,-0.250344,-0.125114,0.166406,0.631989,-0.627973,-0.142868,0.261800,0.823964,-0.976896,1.141949,1.138703,0.197955,-0.100000,0.300000,0.300000,0.025866,-0.050000
-0.698560,-0.840785,0.132441,-0.052676,-0.104157,0.069342,-0.081104,0.347215,-0.100000,2.236372,2.291593,-0.164566,-0.232236,-0.130040,0.178196,0.629459,-0.625488,-0.141484,0.261800,0.824322,-0.982249,1.139564,1.146191,0.198551,-0.100000,0.300000,0.300000,0.026437,-0.050000
-0.691148,-0.801537,0.116110,-0.031653,-0.101875,0.068897,-0.072869,0.308346,-0.100000,2.231656,2.272900,-0.174428,-0.215288,-0.127420,0.189911,0.636301,-0.615373,-0.146078,0.261800,0.825203,-0.986295,1.130661,1.153969,0.199412,-0.100000,0.298344,0.300000,0.027716,-0.050000
-0.681817,-0.766128,0.104006,-0.022747,-0.102386,0.067214,-0.076929,0.280522,-0.100000,2.229399,2.256781,-0.183105,-0.205289,-0.127637,0.202957,0.640059,-0.610224,-0.148591,0.261800,0.826155,-0.989402,1.123243,1.158770,0.199989,-0.100000,0.297149,0.299884,0.029044,-0.050000
-0.668648,-0.738397,0.100356,-0.038075,-0.108480,0.063056,-0.105576,0.274787,-0.100000,2.232064,2.245812,-0.189414,-0.209184,-0.133524,0.218659,0.637651,-0.615009,-0.146943,0.261800,0.827250,-0.990633,1.118798,1.157618,0.199997,-0.100000,0.296878,0.299536,0.030469,-0.050000
-0.651171,-0.711882,0.095488,-0.049918,-0.115433,0.060337,-0.128622,0.269765,-0.100000,2.226699,2.232963,-0.194542,-0.206670,-0.133848,0.235141,0.644592,-0.621154,-0.140072,0.261800,0.829797,-0.993545,1.113084,1.159026,0.200000,-0.100000,0.296387,0.299652,0.032382,-0.050000
-0.631539,-0.685976,0.090011,-0.060019,-0.122815,0.058338,-0.148866,0.265099,-0.100000,2.217320,2.219175,-0.199079,-0.200951,-0.131390,0.252010,0.656209,-0.627977,-0.130589,0.261800,0.833069,-0.997298,1.106736,1.161714,0.200000,-0.100000,0.295786,0.300000,0.034539,-0.050000
-0.624894,-0.677776,0.083000,-0.079704,-0.132951,0.051787,-0.169758,0.267631,-0.100000,2.219114,2.215410,-0.205292,-0.190474,-0.133851,0.268139,0.660152,-0.631379,-0.126184,0.261800,0.835178,-1.001910,1.105512,1.165730,0.200000,-0.100000,0.296550,0.300000,0.036180,-0.050000
-0.620663,-0.671864,0.075976,-0.099058,-0.147454,0.044211,-0.186965,0.265652,-0.100000,2.221073,2.214592,-0.211418,-0.180605,-0.135792,0.275982,0.662015,-0.635612,-0.118566,0.261800,0.837012,-1.006364,1.104088,1.168598,0.200000,-0.100000,0.297223,0.300000,0.037729,-0.050000
-0.621262,-0.670525,0.068925,-0.117753,-0.170693,0.034586,-0.196802,0.254651,-0.100000,2.223362,2.219667,-0.217371,-0.171951,-0.136693,0.267255,0.659717,-0.641508,-0.104524,0.261800,0.838299,-1.010501,1.102267,1.169170,0.200000,-0.100000,0.297712,0.299998,0.039091,-0.050000
-0.614902,-0.671515,0.063752,-0.135477,-0.169505,0.022550,-0.208089,0.231004,-0.100000,2.222761,2.239878,-0.220547,-0.160876,-0.138598,0.281477,0.653672,-0.642146,-0.096468,0.261800,0.839738,-1.014440,1.102823,1.170349,0.200000,-0.100000,0.298725,0.299999,0.040478,-0.050000
-0.605063,-0.673669,0.059519,-0.152714,-0.156105,0.009308,-0.220102,0.201031,-0.100000,2.220716,2.267657,-0.222333,-0.148589,-0.141006,0.307175,0.645752,-0.640154,-0.091406,0.261800,0.841254,-1.018281,1.104566,1.171832,0.200000,-0.100000,0.300000,0.300000,0.041878,-0.050000
-0.612707,-0.681580,0.056798,-0.165066,-0.167154,-0.001204,-0.223206,0.201578,-0.100000,2.227177,2.278697,-0.220784,-0.145125,-0.146971,0.310210,0.629495,-0.642007,-0.092631,0.261800,0.843312,-1.020656,1.103234,1.173867,0.200000,-0.100000,0.300000,0.300000,0.043737,-0.050000
-0.617527,-0.691556,0.054900,-0.174141,-0.171198,-0.011833,-0.225608,0.193180,-0.100000,2.229856,2.292472,-0.218308,-0.141954,-0.152389,0.320329,0.617640,-0.642973,-0.093932,0.261800,0.846113,-1.022916,1.101800,1.175399,0.200000,-0.100000,0.300000,0.300000,0.045833,-0.050000
-0.616697,-0.705658,0.054647,-0.176661,-0.161228,-0.022692,-0.226604,0.166891,-0.100000,2.224970,2.311715,-0.213980,-0.139367,-0.156713,0.344616,0.614591,-0.642166,-0.095381,0.261800,0.850401,-1.024947,1.100163,1.175928,0.200000,-0.100000,0.300000,0.300000,0.048405,-0.050000
-0.622008,-0.718222,0.051382,-0.179767,-0.158182,-0.029678,-0.225034,0.161058,-0.100000,2.226239,2.323948,-0.206470,-0.137958,-0.162882,0.353765,0.608309,-0.644275,-0.094340,0.261800,0.855106,-1.026311,1.101658,1.173001,0.200000,-0.100000,0.300000,0.299490,0.049557,-0.050000
-0.630390,-0.730018,0.046612,-0.183166,-0.158596,-0.034728,-0.222179,0.165452,-0.100000,2.230587,2.332677,-0.197369,-0.137138,-0.169975,0.355344,0.600412,-0.647842,-0.092053,0.261800,0.860019,-1.027342,1.104720,1.168346,0.200000,-0.100000,0.300000,0.298725,0.050000,-0.050000
-0.637982,-0.744420,0.045641,-0.181937,-0.154752,-0.037780,-0.218536,0.170902,-0.100000,2.233323,2.344045,-0.188726,-0.139293,-0.175416,0.354190,0.593561,-0.650839,-0.092448,0.261800,0.865296,-1.027525,1.107323,1.166567,0.200000,-0.099998,0.300000,0.299010,0.050000,-0.050000
-0.646957,-0.757943,0.043127,-0.181243,-0.150439,-0.040370,-0.216530,0.174605,-0.100000,2.235921,2.354581,-0.181383,-0.140898,-0.179258,0.353270,0.587922,-0.651955,-0.092830,0.261800,0.870511,-1.027515,1.109765,1.164196,0.200000,-0.099994,0.300000,0.298970,0.050000,-0.049999
-0.658701,-0.769706,0.037525,-0.181620,-0.145189,-0.042034,-0.217798,0.174813,-0.100000,2.238242,2.363450,-0.176636,-0.141401,-0.179901,0.352816,0.584705,-0.649307,-0.093185,0.261800,0.875600,-1.027115,1.111885,1.160640,0.200000,-0.099987,0.300000,0.298279,0.050000,-0.049998
-0.663896,-0.779432,0.033778,-0.180148,-0.141860,-0.044016,-0.216828,0.176715,-0.100000,2.240163,2.371809,-0.170019,-0.142686,-0.184282,0.353013,0.581156,-0.650110,-0.094001,0.261800,0.880996,-1.026719,1.113282,1.157864,0.200000,-0.099977,0.300000,0.297915,0.050000,-0.049998
-0.665816,-0.788139,0.030957,-0.177750,-0.139493,-0.046155,-0.214740,0.179464,-0.100000,2.241884,2.379911,-0.162468,-0.144362,-0.190531,0.353537,0.577442,-0.652637,-0.095046,0.261800,0.886544,-1.026325,1.114318,1.155478,0.200000,-0.099966,0.300000,0.297715,0.050000,-0.049999
-0.670337,-0.797684,0.030090,-0.173020,-0.135917,-0.046975,-0.212487,0.180965,-0.100000,2.242486,2.386575,-0.158733,-0.145529,-0.196346,0.353561,0.572842,-0.656300,-0.094558,0.257505,0.890435,-1.026246,1.115503,1.153076,0.200000,-0.099985,0.300000,0.297437,0.050000,-0.050000
-0.675162,-0.807546,0.029945,-0.168318,-0.131848,-0.047636,-0.210767,0.182432,-0.100000,2.244223,2.395069,-0.155475,-0.146212,-0.202632,0.352364,0.568448,-0.660525,-0.095154,0.252955,0.894122,-1.026449,1.116446,1.150733,0.200000,-0.099998,0.300000,0.297251,0.050000,-0.050000
-0.680592,-0.818041,0.031243,-0.163672,-0.126793,-0.047980,-0.210110,0.183832,-0.100000,2.248229,2.407223,-0.153171,-0.145928,-0.209861,0.348723,0.564466,-0.665876,-0.097918,0.247893,0.897403,-1.027213,1.116907,1.148508,0.200000,-0.099996,0.300000,0.297249,0.050000,-0.049999
-0.691349,-0.830580,0.032790,-0.160742,-0.125686,-0.051145,-0.206736,0.187490,-0.100000,2.252067,2.419876,-0.141800,-0.144210,-0.212896,0.345743,0.557814,-0.670489,-0.097835,0.244990,0.901932,-1.027895,1.115043,1.146941,0.200000,-0.099998,0.300000,0.297321,0.050000,-0.050000
-0.704769,-0.844140,0.034462,-0.158671,-0.126554,-0.055720,-0.202004,0.192275,-0.100000,2.255821,2.432779,-0.125894,-0.141775,-0.213834,0.343093,0.549827,-0.674732,-0.096329,0.243165,0.907083,-1.028536,1.112017,1.145704,0.200000,-0.100000,0.300000,0.297429,0.050000,-0.050000
-0.711869,-0.855428,0.035092,-0.154608,-0.128255,-0.058157,-0.199747,0.193650,-0.100000,2.258309,2.442093,-0.111257,-0.140306,-0.218344,0.342198,0.547002,-0.678267,-0.096368,0.235451,0.912537,-1.028747,1.112258,1.144527,0.200000,-0.099998,0.300000,0.297606,0.050000,-0.050000
-0.717718,-0.866435,0.035001,-0.148685,-0.129621,-0.060245,-0.195344,0.196573,-0.100000,2.261111,2.450758,-0.101804,-0.140711,-0.224481,0.341939,0.546198,-0.681262,-0.094342,0.229025,0.917128,-1.028604,1.111601,1.142822,0.200000,-0.099976,0.299773,0.297598,0.050000,-0.049999
-0.721065,-0.876875,0.033471,-0.139042,-0.130318,-0.061634,-0.186650,0.202592,-0.100000,2.264538,2.458123,-0.102719,-0.144868,-0.233871,0.342953,0.549436,-0.683176,-0.088186,0.225173,0.919992,-1.027756,1.109149,1.140059,0.200000,-0.099914,0.299093,0.297218,0.050000,-0.049995
-0.725564,-0.887532,0.032573,-0.130003,-0.129173,-0.062415,-0.180083,0.206751,-0.100000,2.267229,2.465219,-0.105866,-0.152163,-0.241296,0.344413,0.552011,-0.686486,-0.083472,0.221371,0.922233,-1.026304,1.107733,1.136222,0.200000,-0.099726,0.298619,0.296495,0.050000,-0.049859
-0.730640,-0.898298,0.031991,-0.121265,-0.127107,-0.062892,-0.174581,0.209980,-0.100000,2.269552,2.472181,-0.110129,-0.161028,-0.247740,0.346095,0.554254,-0.690494,-0.079479,0.217593,0.924163,-1.024549,1.106835,1.131846,0.200000,-0.099475,0.298247,0.295603,0.050000,-0.049657
-0.736086,-0.907953,0.031546,-0.113469,-0.123778,-0.063188,-0.171134,0.212449,-0.100000,2.274572,2.481912,-0.114189,-0.168806,-0.254166,0.345678,0.554938,-0.691700,-0.078655,0.215431,0.925830,-1.022819,1.106341,1.129777,0.200000,-0.099157,0.298232,0.295521,0.050000,-0.049428
-0.738307,-0.916383,0.032217,-0.104378,-0.118178,-0.062393,-0.169426,0.213075,-0.100000,2.279581,2.490791,-0.117641,-0.176241,-0.262157,0.345452,0.556317,-0.691849,-0.080276,0.212117,0.927625,-1.021067,1.106089,1.128212,0.200000,-0.098818,0.298381,0.295692,0.050000,-0.049209
-0.734081,-0.922361,0.035120,-0.092696,-0.108037,-0.059414,-0.171198,0.210018,-0.100000,2.284564,2.497967,-0.119879,-0.182992,-0.273277,0.345607,0.559090,-0.689883,-0.086790,0.206500,0.929677,-1.019274,1.106322,1.127652,0.200000,-0.098439,0.298859,0.296372,0.050000,-0.049013
-0.734070,-0.929611,0.037462,-0.080656,-0.097890,-0.056396,-0.172737,0.206311,-0.100000,2.287706,2.503306,-0.123169,-0.189941,-0.280989,0.347580,0.562292,-0.688307,-0.092615,0.202543,0.931462,-1.017532,1.106021,1.127540,0.200000,-0.098052,0.299323,0.297133,0.050000,-0.048792
-0.736168,-0.937497,0.039524,-0.068436,-0.087739,-0.053359,-0.174161,0.202280,-0.100000,2.289928,2.507727,-0.126984,-0.196989,-0.286997,0.350461,0.565709,-0.686925,-0.098095,0.199416,0.933114,-1.015816,1.105453,1.127651,0.200000,-0.097661,0.299780,0.297935,0.050000,-0.048559
-0.741710,-0.942804,0.038351,-0.060011,-0.086622,-0.052694,-0.171623,0.202446,-0.100000,2.291336,2.513745,-0.131105,-0.203112,-0.288302,0.349013,0.566267,-0.688353,-0.101078,0.198206,0.934375,-1.014874,1.105605,1.127039,0.200000,-0.097587,0.299912,0.298723,0.050000,-0.048777
-0.746952,-0.948529,0.036823,-0.052134,-0.085539,-0.052266,-0.170057,0.202003,-0.100000,2.293274,2.519637,-0.135461,-0.208825,-0.289315,0.348159,0.567523,-0.689122,-0.105608,0.196518,0.935858,-1.013898,1.105594,1.126621,0.200000,-0.097491,0.300000,0.299399,0.050000,-0.048973
-0.751592,-0.955090,0.034583,-0.045351,-0.084525,-0.052311,-0.170435,0.200342,-0.100000,2.296273,2.525280,-0.140289,-0.213716,-0.289747,0.348494,0.570174,-0.688570,-0.113237,0.193875,0.937785,-1.012851,1.105255,1.126593,0.200000,-0.097348,0.300000,0.299850,0.050000,-0.049128
-0.755552,-0.958830,0.032764,-0.039292,-0.082119,-0.051378,-0.174619,0.194542,-0.100000,2.296540,2.528391,-0.143560,-0.216114,-0.286617,0.349095,0.572802,-0.685070,-0.126275,0.190189,0.939753,-1.011852,1.105031,1.127267,0.200000,-0.097166,0.300000,0.300000,0.050000,-0.049197
-0.759173,-0.961160,0.031155,-0.033596,-0.079017,-0.049957,-0.180707,0.186672,-0.100000,2.295443,2.530238,-0.146052,-0.217266,-0.281706,0.349830,0.575418,-0.680097,-0.142017,0.185982,0.941741,-1.010877,1.104865,1.128293,0.200000,-0.096964,0.300000,0.300000,0.050000,-0.049225
-0.760131,-0.960984,0.030493,-0.026560,-0.075781,-0.048988,-0.186481,0.179324,-0.100000,2.295997,2.533154,-0.150446,-0.222212,-0.280649,0.347643,0.578009,-0.675825,-0.158863,0.182627,0.943305,-1.009053,1.103348,1.127439,0.200000,-0.096592,0.300000,0.300000,0.050000,-0.048990
-0.760044,-0.960120,0.030519,-0.019013,-0.072802,-0.047304,-0.191888,0.171986,-0.100000,2.295944,2.535053,-0.154236,-0.225644,-0.279642,0.346206,0.579911,-0.670152,-0.175683,0.178967,0.944635,-1.007415,1.102817,1.126767,0.200000,-0.096274,0.300000,0.300000,0.050000,-0.048863
-0.757866,-0.957881,0.031919,-0.010444,-0.070337,-0.044188,-0.196560,0.164670,-0.100000,2.294676,2.534918,-0.156817,-0.226045,-0.278739,0.346271,0.580434,-0.661676,-0.192451,0.174697,0.945496,-1.006147,1.104259,1.126461,0.199999,-0.096062,0.300000,0.300000,0.050000,-0.048955
-0.751668,-0.951926,0.033678,-0.000920,-0.066267,-0.042463,-0.201515,0.156104,-0.100000,2.291298,2.532714,-0.159154,-0.227732,-0.276455,0.347056,0.579134,-0.649586,-0.208938,0.168991,0.946119,-1.004235,1.106156,1.127891,0.199999,-0.095588,0.300000,0.300000,0.050000,-0.048673
-0.743461,-0.944112,0.035616,0.009081,-0.061395,-0.041435,-0.206611,0.146914,-0.100000,2.286865,2.529477,-0.161369,-0.230061,-0.273481,0.348202,0.576923,-0.635688,-0.225284,0.162567,0.946623,-1.002000,1.108279,1.130188,0.200000,-0.094983,0.300000,0.300000,0.050000,-0.048205
-0.732327,-0.933087,0.035749,0.017695,-0.056383,-0.040798,-0.212914,0.136690,-0.100000,2.281885,2.524185,-0.162923,-0.228118,-0.270492,0.348372,0.573793,-0.619138,-0.239294,0.160872,0.946684,-1.000008,1.110159,1.132336,0.200000,-0.094397,0.300000,0.300000,0.050000,-0.047646
-0.720707,-0.921734,0.036552,0.027324,-0.050209,-0.039629,-0.218176,0.126892,-0.100000,2.275774,2.518642,-0.165763,-0.227490,-0.265800,0.349063,0.567552,-0.601451,-0.251267,0.159727,0.946290,-0.997675,1.113719,1.133994,0.199967,-0.093740,0.300000,0.300000,0.049932,-0.046961
-0.708112,-0.909724,0.038694,0.038983,-0.041709,-0.037392,-0.221354,0.117946,-0.100000,2.267399,2.512596,-0.171177,-0.229492,-0.257702,0.350797,0.555087,-0.581493,-0.259167,0.159682,0.944984,-0.994659,1.120636,1.134674,0.199867,-0.092941,0.300000,0.300000,0.049727,-0.046028
-0.695197,-0.895352,0.040485,0.049633,-0.033583,-0.034246,-0.225789,0.108071,-0.100000,2.261263,2.506884,-0.177915,-0.229491,-0.251380,0.351744,0.541962,-0.561908,-0.261800,0.159238,0.942993,-0.992195,1.126382,1.135931,0.199528,-0.092286,0.300000,0.299995,0.049206,-0.045203
-0.682122,-0.879800,0.042100,0.059778,-0.025644,-0.030646,-0.230852,0.097731,-0.100000,2.256246,2.501340,-0.185314,-0.228488,-0.245944,0.352298,0.528509,-0.542509,-0.261800,0.158594,0.940659,-0.990007,1.131542,1.137476,0.199071,-0.091704,0.300000,0.299988,0.048526,-0.044431
-0.670443,-0.865456,0.044709,0.070001,-0.016289,-0.025583,-0.237122,0.086253,-0.100000,2.250413,2.495637,-0.193533,-0.229025,-0.239891,0.351472,0.508044,-0.523940,-0.261800,0.155031,0.938300,-0.987744,1.142119,1.139528,0.198678,-0.091068,0.300000,0.299992,0.047955,-0.043501
-0.659454,-0.852203,0.046638,0.078906,-0.007621,-0.020491,-0.243571,0.075243,-0.100000,2.245185,2.490236,-0.201185,-0.229736,-0.235298,0.350898,0.487484,-0.504227,-0.261800,0.151299,0.936019,-0.985500,1.152612,1.141713,0.198300,-0.090468,0.300000,0.299996,0.047408,-0.042638
-0.649845,-0.841130,0.047206,0.085178,-0.000327,-0.015340,-0.250379,0.065170,-0.100000,2.241167,2.485439,-0.207701,-0.230794,-0.233622,0.350829,0.466735,-0.482226,-0.261800,0.147228,0.933892,-0.983295,1.162940,1.144164,0.197954,-0.089940,0.300000,0.299998,0.046910,-0.041907
-0.646687,-0.833425,0.045559,0.088775,0.002029,-0.013057,-0.256841,0.056081,-0.100000,2.238417,2.481816,-0.214791,-0.231606,-0.230458,0.350186,0.442081,-0.459746,-0.261800,0.143055,0.931132,-0.981134,1.171808,1.146941,0.197365,-0.089410,0.300000,0.299994,0.046110,-0.041097
-0.646754,-0.827403,0.042805,0.091034,0.001915,-0.012208,-0.263129,0.047485,-0.100000,2.236300,2.478780,-0.222167,-0.232293,-0.226548,0.349254,0.415476,-0.437028,-0.261800,0.138831,0.928055,-0.978996,1.179945,1.149882,0.196654,-0.088880,0.300000,0.299985,0.045159,-0.040248
-0.644804,-0.821343,0.042119,0.093358,-0.000860,-0.010957,-0.269072,0.039196,-0.100000,2.234019,2.474556,-0.224820,-0.228453,-0.224980,0.348859,0.391239,-0.418464,-0.261800,0.132514,0.925693,-0.977784,1.185998,1.151847,0.196161,-0.088598,0.300000,0.299559,0.044556,-0.039607
-0.642749,-0.817084,0.042617,0.095758,-0.003893,-0.010138,-0.273463,0.032726,-0.100000,2.232650,2.471955,-0.227287,-0.224824,-0.224746,0.348119,0.365372,-0.399547,-0.261800,0.125593,0.923172,-0.976939,1.192370,1.157026,0.195584,-0.088378,0.300000,0.299420,0.043838,-0.039068
-0.640484,-0.816430,0.045483,0.098310,-0.007442,-0.010181,-0.274754,0.029893,-0.100000,2.233105,2.472597,-0.229383,-0.221620,-0.227182,0.346688,0.336247,-0.379923,-0.261800,0.117464,0.920332,-0.976832,1.199377,1.168628,0.194836,-0.088284,0.300000,0.299855,0.042888,-0.038732
-0.638934,-0.814708,0.046635,0.098434,-0.010644,-0.010105,-0.278093,0.025758,-0.100000,2.232857,2.473078,-0.230057,-0.217850,-0.227543,0.344962,0.310344,-0.361108,-0.261800,0.111245,0.917839,-0.976773,1.204939,1.177767,0.194156,-0.088313,0.300000,0.300000,0.042026,-0.038509
-0.637741,-0.812452,0.046930,0.097343,-0.013672,-0.009969,-0.282455,0.020973,-0.100000,2.232258,2.473478,-0.230021,-0.213797,-0.226867,0.343089,0.286053,-0.342699,-0.261800,0.105981,0.915520,-0.976740,1.209776,1.185673,0.193510,-0.088404,0.300000,0.300000,0.041209,-0.038342
-0.639134,-0.813391,0.046881,0.096951,-0.015197,-0.009911,-0.286215,0.016341,-0.100000,2.230722,2.472223,-0.227270,-0.208783,-0.224867,0.344045,0.254362,-0.318045,-0.261800,0.100168,0.912788,-0.976037,1.214241,1.192760,0.192628,-0.088226,0.300000,0.300000,0.040078,-0.037702
-0.642073,-0.816035,0.046246,0.096361,-0.016510,-0.009896,-0.290322,0.011759,-0.100000,2.230644,2.472553,-0.224740,-0.204434,-0.223410,0.344402,0.223396,-0.293455,-0.261800,0.094690,0.910282,-0.975272,1.219328,1.199122,0.191881,-0.088071,0.300000,0.299977,0.039119,-0.037095
-0.648102,-0.822092,0.044441,0.095377,-0.017399,-0.009968,-0.295122,0.007278,-0.100000,2.233480,2.476055,-0.222651,-0.201415,-0.223039,0.343564,0.193884,-0.268992,-0.261800,0.089881,0.908225,-0.974382,1.225659,1.204031,0.191403,-0.087961,0.300000,0.299911,0.038504,-0.036552
-0.651978,-0.825968,0.042636,0.095748,-0.017789,-0.009206,-0.296983,0.005255,-0.100000,2.235274,2.478192,-0.219909,-0.198240,-0.223129,0.342937,0.165911,-0.246677,-0.261800,0.087258,0.906295,-0.973577,1.230521,1.207700,0.190948,-0.087900,0.300000,0.299266,0.037938,-0.035992
-0.654777,-0.828754,0.040830,0.096796,-0.017930,-0.008027,-0.297375,0.004460,-0.100000,2.236546,2.479647,-0.216841,-0.194986,-0.223448,0.342416,0.138707,-0.225436,-0.261800,0.085728,0.904430,-0.972815,1.234650,1.210749,0.190504,-0.087864,0.300000,0.298333,0.037397,-0.035424
-0.657392,-0.831809,0.039179,0.097776,-0.018503,-0.007981,-0.298323,0.003083,-0.100000,2.238304,2.481490,-0.210917,-0.191897,-0.224047,0.342072,0.119789,-0.206365,-0.261800,0.083133,0.904198,-0.972033,1.237455,1.212416,0.191173,-0.087818,0.299999,0.297043,0.038375,-0.034852
-0.660040,-0.835076,0.037679,0.098925,-0.018725,-0.008029,-0.299459,0.001562,-0.100000,2.240114,2.483708,-0.206102,-0.189447,-0.224532,0.341639,0.101009,-0.187754,-0.261800,0.080902,0.903894,-0.971224,1.240003,1.214012,0.191843,-0.087769,0.299973,0.295707,0.039363,-0.034268
-0.662754,-0.838767,0.036483,0.100416,-0.018247,-0.008267,-0.300970,-0.000245,-0.100000,2.242026,2.486676,-0.203505,-0.188272,-0.224788,0.341025,0.082503,-0.170061,-0.261800,0.079399,0.903445,-0.970366,1.242038,1.215466,0.192517,-0.087717,0.299897,0.294281,0.040370,-0.033663
-0.665898,-0.843145,0.036031,0.102081,-0.017945,-0.008528,-0.302830,-0.002502,-0.100000,2.243863,2.489312,-0.203535,-0.187366,-0.224993,0.341004,0.066257,-0.152703,-0.261800,0.078205,0.902909,-0.969653,1.242787,1.217001,0.193204,-0.087778,0.299309,0.292999,0.041417,-0.033237
-0.669255,-0.847868,0.035952,0.103833,-0.017732,-0.008800,-0.304863,-0.004983,-0.100000,2.245663,2.491784,-0.204879,-0.186595,-0.225174,0.341279,0.051141,-0.135513,-0.261800,0.077165,0.902331,-0.969013,1.242894,1.218575,0.193897,-0.087897,0.298463,0.291788,0.042486,-0.032900
-0.670251,-0.849218,0.036387,0.103423,-0.018926,-0.009217,-0.307598,-0.007658,-0.100000,2.245872,2.491073,-0.204980,-0.185100,-0.224595,0.344350,0.039774,-0.125266,-0.261800,0.078455,0.902042,-0.968791,1.242892,1.218372,0.194613,-0.088134,0.297573,0.289964,0.043590,-0.032676
-0.671942,-0.851000,0.036724,0.103298,-0.019924,-0.009686,-0.310383,-0.010547,-0.100000,2.245937,2.490571,-0.205950,-0.183929,-0.223508,0.346907,0.029350,-0.116039,-0.261800,0.079723,0.901694,-0.968621,1.242384,1.217944,0.195283,-0.088396,0.296516,0.288068,0.044634,-0.032481
-0.675021,-0.853644,0.036867,0.103746,-0.020529,-0.010260,-0.313269,-0.013863,-0.100000,2.245714,2.490488,-0.208659,-0.183410,-0.221408,0.348435,0.020816,-0.108853,-0.261800,0.080945,0.901224,-0.968553,1.240865,1.217070,0.195858,-0.088711,0.295125,0.286031,0.045557,-0.032347
-0.676189,-0.854774,0.037212,0.104345,-0.020641,-0.011009,-0.316537,-0.017340,-0.100000,2.245776,2.490311,-0.209995,-0.182917,-0.218135,0.352207,0.014696,-0.103297,-0.261797,0.083943,0.901066,-0.968607,1.239832,1.216546,0.196508,-0.089042,0.293928,0.284177,0.046578,-0.032258
-0.676401,-0.855148,0.037659,0.105018,-0.020508,-0.011847,-0.319997,-0.020897,-0.100000,2.245980,2.490086,-0.210645,-0.182437,-0.214277,0.357099,0.009784,-0.098557,-0.261794,0.087828,0.901063,-0.968723,1.239042,1.216196,0.197194,-0.089381,0.292829,0.282415,0.047648,-0.032190
-0.677487,-0.854876,0.037450,0.105539,-0.020018,-0.011596,-0.322455,-0.023564,-0.100000,2.245335,2.488847,-0.211123,-0.182622,-0.209248,0.363890,0.007098,-0.095875,-0.260970,0.093154,0.901275,-0.968994,1.238591,1.215366,0.197941,-0.089814,0.291924,0.280567,0.048790,-0.032259
-0.678651,-0.857052,0.037791,0.107244,-0.018021,-0.011305,-0.324766,-0.026489,-0.100000,2.244283,2.487143,-0.211505,-0.183033,-0.203725,0.371219,0.005391,-0.093239,-0.259766,0.098207,0.901566,-0.969201,1.237842,1.214828,0.198712,-0.090190,0.290841,0.278718,0.049641,-0.032226
-0.679967,-0.864125,0.039234,0.111317,-0.013008,-0.010936,-0.326782,-0.029930,-0.100000,2.242417,2.484507,-0.211692,-0.183899,-0.197215,0.379623,0.005644,-0.090696,-0.257799,0.102716,0.902018,-0.969280,1.236493,1.214875,0.199532,-0.090452,0.289399,0.276870,0.049910,-0.031989
-0.682012,-0.867899,0.040503,0.113856,-0.010409,-0.008701,-0.327443,-0.032693,-0.100000,2.242947,2.482840,-0.211074,-0.182309,-0.191956,0.387985,0.005250,-0.083329,-0.255808,0.108094,0.902489,-0.969480,1.235694,1.216981,0.199883,-0.090745,0.288263,0.275796,0.050000,-0.031854
-0.684421,-0.870022,0.041685,0.115628,-0.009018,-0.005535,-0.327426,-0.035117,-0.100000,2.244675,2.481657,-0.210054,-0.179490,-0.187323,0.396326,0.004534,-0.073549,-0.253806,0.113906,0.902971,-0.969741,1.235170,1.220117,0.200000,-0.091053,0.287278,0.275110,0.050000,-0.031770
-0.689337,-0.870256,0.038839,0.113078,-0.007726,-0.003235,-0.331272,-0.040720,-0.100000,2.245955,2.479215,-0.208827,-0.174161,-0.180782,0.407198,0.007433,-0.064032,-0.252568,0.121631,0.904014,-0.970211,1.234159,1.222649,0.200000,-0.091410,0.286200,0.273995,0.050000,-0.031666
-0.694373,-0.869749,0.035334,0.109908,-0.008307,-0.002211,-0.334523,-0.045433,-0.100000,2.248043,2.477618,-0.208396,-0.170909,-0.176282,0.415754,0.010654,-0.060196,-0.251527,0.129363,0.905121,-0.970754,1.233579,1.223193,0.200000,-0.091825,0.285397,0.272313,0.050000,-0.031637
-0.699651,-0.867757,0.030513,0.105497,-0.012635,-0.003737,-0.336584,-0.048363,-0.100000,2.251752,2.477710,-0.209557,-0.171810,-0.175865,0.419681,0.014519,-0.067723,-0.250877,0.137112,0.906357,-0.971442,1.233858,1.219759,0.200000,-0.092355,0.285145,0.269499,0.050000,-0.031759
-0.704279,-0.871549,0.029191,0.104739,-0.016561,-0.005391,-0.336325,-0.049103,-0.100000,2.255334,2.478894,-0.211632,-0.174736,-0.173689,0.424781,0.017914,-0.076406,-0.249359,0.146186,0.907343,-0.972024,1.233916,1.216151,0.200000,-0.092852,0.284986,0.266913,0.050000,-0.031922
-0.708581,-0.878232,0.029619,0.105806,-0.020287,-0.007110,-0.334906,-0.048747,-0.100000,2.258853,2.480622,-0.214165,-0.178674,-0.170633,0.430468,0.021074,-0.085669,-0.247405,0.155924,0.908205,-0.972553,1.233862,1.212455,0.200000,-0.093331,0.284874,0.264440,0.050000,-0.032107
-0.715639,-0.882193,0.029473,0.104054,-0.023164,-0.009197,-0.332624,-0.048043,-0.100000,2.261801,2.480392,-0.215853,-0.180926,-0.168213,0.434061,0.023508,-0.091594,-0.245338,0.165276,0.908882,-0.973291,1.232745,1.211942,0.200000,-0.093819,0.284441,0.263172,0.050000,-0.032404
-0.721575,-0.885940,0.029342,0.102435,-0.025709,-0.010783,-0.330503,-0.047506,-0.100000,2.263994,2.480462,-0.216762,-0.183318,-0.166057,0.437420,0.025755,-0.096678,-0.243267,0.174782,0.909700,-0.973946,1.232248,1.211617,0.200000,-0.094281,0.284210,0.262040,0.050000,-0.032693
-0.725266,-0.889259,0.029239,0.101083,-0.027590,-0.011368,-0.328705,-0.047301,-0.100000,2.264677,2.481129,-0.216111,-0.185992,-0.164427,0.440313,0.027629,-0.100080,-0.241186,0.184597,0.910801,-0.974437,1.232992,1.211664,0.200000,-0.094691,0.284382,0.261179,0.050000,-0.032966
-0.728778,-0.893216,0.029011,0.100101,-0.028905,-0.012399,-0.327292,-0.047263,-0.100000,2.265801,2.481761,-0.215940,-0.188180,-0.161934,0.443532,0.029661,-0.101400,-0.239123,0.194516,0.911861,-0.974755,1.233348,1.212270,0.200000,-0.095006,0.284401,0.260504,0.050000,-0.033116
-0.732199,-0.897492,0.028721,0.099303,-0.029938,-0.013652,-0.326072,-0.047308,-0.100000,2.267145,2.482375,-0.216011,-0.190125,-0.159009,0.446915,0.031773,-0.101680,-0.237068,0.204485,0.912902,-0.974986,1.233510,1.213156,0.200000,-0.095275,0.284345,0.259921,0.050000,-0.033204
-0.735656,-0.900573,0.028894,0.098405,-0.030886,-0.013920,-0.325224,-0.047366,-0.100000,2.268003,2.482991,-0.216906,-0.192935,-0.156668,0.448276,0.033110,-0.102284,-0.234874,0.214108,0.913797,-0.975187,1.233681,1.213220,0.200000,-0.095601,0.284323,0.259209,0.050000,-0.033408
-0.693340,-0.855621,0.028146,0.101725,-0.030229,-0.014391,-0.293263,-0.048016,-0.089366,2.243400,2.456901,-0.207904,-0.187140,-0.164631,0.394168,0.038912,-0.112477,-0.236220,0.207631,0.880322,-0.901130,1.220658,1.198255,0.190481,-0.088988,0.285003,0.261249,0.047273,-0.034238
-0.651025,-0.810669,0.027399,0.105046,-0.029571,-0.014862,-0.261303,-0.048666,-0.078732,2.218796,2.430811,-0.198902,-0.181345,-0.172594,0.340059,0.044714,-0.122670,-0.237567,0.201153,0.846846,-0.827073,1.207634,1.183291,0.180963,-0.082374,0.285682,0.263289,0.044545,-0.035067
-0.608710,-0.765717,0.026651,0.108366,-0.028913,-0.015332,-0.229343,-0.049317,-0.068097,2.194193,2.404721,-0.189900,-0.175550,-0.180557,0.285951,0.050517,-0.132863,-0.238913,0.194676,0.813371,-0.753016,1.194610,1.168326,0.171444,-0.075761,0.286362,0.265328,0.041818,-0.035897
-0.566394,-0.720765,0.025904,0.111687,-0.028256,-0.015803,-0.197383,-0.049967,-0.057463,2.169589,2.378631,-0.180898,-0.169755,-0.188520,0.231843,0.056319,-0.143056,-0.240259,0.188199,0.779896,-0.678960,1.181587,1.153362,0.161926,-0.069148,0.287042,0.267368,0.039091,-0.036726
-0.524079,-0.675813,0.025157,0.115007,-0.027598,-0.016274,-0.165422,-0.050618,-0.046829,2.144986,2.352541,-0.171896,-0.163960,-0.196483,0.177735,0.062121,-0.153249,-0.241606,0.181721,0.746420,-0.604903,1.168563,1.138397,0.152407,-0.062535,0.287721,0.269407,0.036363,-0.037556
-0.481764,-0.630861,0.024409,0.118327,-0.026940,-0.016744,-0.133462,-0.051268,-0.036195,2.120382,2.326451,-0.162894,-0.158165,-0.204446,0.123627,0.067924,-0.163442,-0.242952,0.175244,0.712945,-0.530846,1.155539,1.123432,0.142889,-0.055922,0.288401,0.271447,0.033636,-0.038386
-0.439448,-0.585909,0.023662,0.121648,-0.026283,-0.017215,-0.101502,-0.051919,-0.025560,2.095779,2.300361,-0.153892,-0.152371,-0.212408,0.069519,0.073726,-0.173635,-0.244298,0.168767,0.679469,-0.456789,1.142516,1.108468,0.133371,-0.049309,0.289081,0.273486,0.030909,-0.039215
-0.397133,-0.540958,0.022914,0.124968,-0.025625,-0.017686,-0.069542,-0.052569,-0.014926,2.071175,2.274271,-0.144890,-0.146576,-0.220371,0.015411,0.079528,-0.183828,-0.245644,0.162289,0.645994,-0.382732,1.129492,1.093503,0.123852,-0.042695,0.289760,0.275526,0.028182,-0.040045
-0.354818,-0.496006,0.022167,0.128289,-0.024967,-0.018156,-0.037582,-0.053220,-0.004292,2.046572,2.248181,-0.135888,-0.140781,-0.228334,-0.038698,0.085331,-0.194021,-0.246991,0.155812,0.612519,-0.308675,1.116468,1.078539,0.114334,-0.036082,0.290440,0.277565,0.025454,-0.040874
-0.312502,-0.451054,0.021419,0.131609,-0.024310,-0.018627,-0.005621,-0.053870,0.006342,2.021968,2.222091,-0.126886,-0.134986,-0.236297,-0.092806,0.091133,-0.204214,-0.248337,0.149335,0.579043,-0.234618,1.103445,1.063574,0.104815,-0.029469,0.291119,0.279605,0.022727,-0.041704
-0.270187,-0.406102,0.020672,0.134929,-0.023652,-0.019098,0.026339,-0.054520,0.016977,1.997365,2.196001,-0.117884,-0.129191,-0.244260,-0.146914,0.096935,-0.214407,-0.249683,0.142857,0.545568,-0.160561,1.090421,1.048610,0.095297,-0.022856,0.291799,0.281644,0.020000,-0.042534
-0.227872,-0.361150,0.019924,0.138250,-0.022995,-0.019568,0.058299,-0.055171,0.027611,1.972761,2.169911,-0.108882,-0.123396,-0.252223,-0.201022,0.102737,-0.224600,-0.251030,0.136380,0.512093,-0.086504,1.077398,1.033645,0.085778,-0.016243,0.292479,0.283684,0.017272,-0.043363
-0.185556,-0.316198,0.019177,0.141570,-0.022337,-0.020039,0.090259,-0.055821,0.038245,1.948158,2.143821,-0.099880,-0.117602,-0.260185,-0.255130,0.108540,-0.234793,-0.252376,0.129903,0.478617,-0.012447,1.064374,1.018680,0.076260,-0.009630,0.293158,0.285723,0.014545,-0.044193
-0.143241,-0.271246,0.018429,0.144891,-0.021679,-0.020509,0.122220,-0.056472,0.048879,1.923554,2.117731,-0.090878,-0.111807,-0.268148,-0.309238,0.114342,-0.244986,-0.253722,0.123425,0.445142,0.061610,1.051350,1.003716,0.066741,-0.003016,0.293838,0.287763,0.011818,-0.045022
-0.100926,-0.226294,0.017682,0.148211,-0.021022,-0.020980,0.154180,-0.057122,0.059513,1.898951,2.091641,-0.081876,-0.106012,-0.276111,-0.363347,0.120144,-0.255179,-0.255068,0.116948,0.411666,0.135667,1.038327,0.988751,0.057223,0.003597,0.294518,0.289802,0.009090,-0.045852
-0.058610,-0.181342,0.016934,0.151531,-0.020364,-0.021451,0.186140,-0.057773,0.070148,1.874347,2.065551,-0.072874,-0.100217,-0.284074,-0.417455,0.125947,-0.265372,-0.256415,0.110471,0.378191,0.209724,1.025303,0.973787,0.047704,0.010210,0.295197,0.291842,0.006363,-0.046682
-0.016295,-0.136391,0.016187,0.154852,-0.019706,-0.021921,0.218100,-0.058423,0.080782,1.849744,2.039461,-0.063872,-0.094422,-0.292037,-0.471563,0.131749,-0.275565,-0.257761,0.103993,0.344716,0.283781,1.012279,0.958822,0.038186,0.016823,0.295877,0.293881,0.003636,-0.047511
0.026020,-0.091439,0.015439,0.158172,-0.019049,-0.022392,0.250060,-0.059074,0.091416,1.825140,2.013371,-0.054870,-0.088627,-0.300000,-0.525671,0.137551,-0.285758,-0.259107,0.097516,0.311240,0.357838,0.999256,0.943858,0.028668,0.023436,0.296556,0.295921,0.000909,-0.048341
0.068335,-0.046487,0.014692,0.161493,-0.018391,-0.022863,0.282021,-0.059724,0.102050,1.800537,1.987281,-0.045869,-0.082833,-0.307963,-0.579779,0.143354,-0.295951,-0.260454,0.091039,0.277765,0.431895,0.986232,0.928893,0.019149,0.030049,0.297236,0.297960,-0.001819,-0.049170
0.110651,-0.001535,0.013944,0.164813,-0.017733,-0.023333,0.313981,-0.060374,0.112685,1.775933,1.961191,-0.036867,-0.077038,-0.315925,-0.633887,0.149156,-0.306144,-0.261800,0.084561,0.244289,0.505952,0.973208,0.913928,0.009631,0.036663,0.297916,0.300000,-0.004546,-0.050000
