joint_vel_0,joint_vel_1,joint_vel_2,joint_vel_3,joint_vel_4,joint_vel_5,joint_vel_6,joint_vel_7,joint_vel_8,joint_vel_9,joint_vel_10,joint_vel_11,joint_vel_12,joint_vel_13,joint_vel_14,joint_vel_15,joint_vel_16,joint_vel_17,joint_vel_18,joint_vel_19,joint_vel_20,joint_vel_21,joint_vel_22,joint_vel_23,joint_vel_24,joint_vel_25,joint_vel_26,joint_vel_27,joint_vel_28
1.298404,0.008661,-0.481032,-0.137421,-0.171624,0.199083,0.403042,0.176601,1.473277,1.274867,3.554021,-2.543005,-1.551180,-2.060076,-1.031331,0.961246,-0.723439,0.533460,0.115015,1.185389,-0.561228,6.720981,1.814818,0.233605,-0.006853,2.191383,0.642301,0.264297,-0.212161
1.212852,0.066668,-0.394012,-0.120229,-0.152201,0.187558,0.373877,0.169981,1.438258,1.177907,3.204701,-2.518157,-1.463998,-1.918603,-0.970603,0.817019,-0.619206,0.519877,0.111224,1.084570,-0.528813,6.229909,1.732138,0.222905,-0.009091,1.970128,0.612271,0.220250,-0.211405
0.956196,0.240691,-0.132952,-0.068655,-0.093930,0.152984,0.286382,0.150120,1.333202,0.887027,2.156741,-2.443618,-1.202452,-1.494183,-0.788421,0.384339,-0.306509,0.479129,0.099849,0.782112,-0.431567,4.756688,1.484093,0.190806,-0.015806,1.306363,0.522183,0.088109,-0.209138
0.732141,0.441986,0.074470,0.000162,-0.042979,0.129578,0.227561,0.093396,1.208587,0.605166,1.113064,-2.180137,-0.921638,-0.970034,-0.548828,0.088430,-0.088660,0.452399,0.097303,0.539549,-0.342827,3.346999,1.183054,0.166063,-0.024713,0.575902,0.415177,0.000009,-0.211651
0.652714,0.569906,0.124542,0.051815,-0.024823,0.129043,0.226824,0.028171,1.126721,0.473255,0.595509,-1.859455,-0.761964,-0.608229,-0.371620,0.077245,-0.074584,0.453052,0.104859,0.478162,-0.306962,2.705690,0.979540,0.161049,-0.031359,0.143975,0.344758,0.000002,-0.217688
0.671562,0.714911,0.103708,0.027042,-0.076916,0.083906,0.253660,0.016159,1.030166,0.250876,0.111064,-1.492249,-0.585740,-0.464136,-0.192750,0.076026,-0.131620,0.388138,0.112743,0.436316,-0.277895,2.111208,0.761065,0.164989,-0.039928,0.000000,0.270269,-0.000000,-0.127231
0.720102,0.829102,0.052610,-0.012734,-0.134241,0.046378,0.255978,0.015319,0.911258,0.053992,-0.246018,-1.176944,-0.434566,-0.400844,-0.021536,0.063930,-0.188325,0.303705,0.113803,0.399579,-0.254886,1.648510,0.581905,0.167843,-0.047193,0.000000,0.210179,-0.000000,-0.028968
0.729755,0.864579,0.011892,-0.006089,-0.131778,0.068672,0.181686,-0.016395,0.762336,-0.001431,-0.381486,-1.011966,-0.350047,-0.281442,0.132707,0.020113,-0.173256,0.245805,0.100884,0.353515,-0.237194,1.402557,0.496337,0.159576,-0.049931,0.000000,0.182957,0.000000,-0.011587
0.696411,0.908684,-0.001550,0.039333,-0.084671,0.079298,0.100828,-0.041361,0.627749,-0.012670,-0.536075,-0.808026,-0.258271,-0.126737,0.260005,0.018811,-0.127131,0.216286,0.070158,0.314444,-0.212279,1.121134,0.399041,0.154850,-0.052771,0.000000,0.152637,0.000000,-0.000000
0.636742,0.939363,0.019007,0.100822,-0.016475,0.072943,0.053833,-0.047095,0.574791,0.025895,-0.632488,-0.667094,-0.205126,-0.014082,0.296711,0.060676,-0.073015,0.229907,0.036988,0.301902,-0.192599,0.944951,0.338665,0.156029,-0.054294,-0.000001,0.134378,-0.000000,0.000000
0.581376,0.951088,0.029731,0.122200,0.009663,0.069749,0.033669,-0.039546,0.569849,0.051264,-0.724724,-0.545484,-0.170363,0.064255,0.317325,0.082982,-0.033382,0.223239,0.031349,0.284332,-0.174409,0.757694,0.276011,0.156484,-0.056185,0.000000,0.115213,0.000000,0.000000
0.518139,0.955809,0.021536,0.155929,0.041894,0.101852,0.021016,-0.047096,0.578228,0.056566,-0.843032,-0.456264,-0.158471,0.132006,0.339461,0.079098,-0.026295,0.213608,0.036319,0.267932,-0.161795,0.592074,0.218499,0.157367,-0.058098,0.000001,0.097578,0.000000,-0.000000
0.434856,0.965477,-0.014665,0.254472,0.128371,0.201386,-0.003446,-0.098131,0.565234,0.034931,-1.017662,-0.412505,-0.173940,0.212904,0.380730,0.042388,-0.069824,0.218341,0.034975,0.258902,-0.158845,0.480798,0.173554,0.159829,-0.059688,0.000000,0.083905,0.000000,0.000000
0.385574,0.940983,-0.042602,0.273168,0.140074,0.216052,-0.049634,-0.145657,0.543720,-0.013842,-1.079995,-0.369293,-0.167719,0.236919,0.409670,0.021650,-0.080075,0.222361,0.036117,0.247711,-0.151188,0.364974,0.132227,0.161161,-0.060725,0.000000,0.071941,0.000000,0.000000
0.394934,0.894573,-0.048305,0.202670,0.071152,0.138518,-0.094455,-0.165912,0.524443,-0.065366,-0.998864,-0.348235,-0.142919,0.192042,0.411809,0.027255,-0.051922,0.223657,0.039173,0.239955,-0.142653,0.302514,0.115177,0.160699,-0.060690,0.000000,0.067666,0.000000,-0.000000
0.408645,0.848671,-0.067200,0.180501,0.039605,0.093570,-0.069793,-0.197467,0.496484,-0.111462,-0.909361,-0.326730,-0.111126,0.171290,0.411665,0.041681,-0.039715,0.227296,0.037023,0.230962,-0.136471,0.237098,0.092930,0.159396,-0.061476,-0.000001,0.061784,-0.000000,0.000000
0.404718,0.795391,-0.077448,0.157405,0.008883,0.062701,-0.019222,-0.209761,0.475293,-0.129417,-0.822420,-0.308071,-0.097569,0.162107,0.401710,0.044356,-0.049520,0.237439,0.041554,0.221702,-0.133122,0.183725,0.067878,0.157610,-0.062509,-0.000001,0.054935,-0.000000,0.000000
0.361162,0.726843,-0.057214,0.084130,-0.057563,0.027409,0.013681,-0.172231,0.476314,-0.096517,-0.748967,-0.295547,-0.127478,0.151940,0.374416,0.014713,-0.087406,0.258246,0.064654,0.213145,-0.133086,0.157383,0.042409,0.155697,-0.063216,0.000001,0.047760,0.000000,0.000000
0.334018,0.658082,-0.053082,0.068476,-0.067187,0.007890,0.055672,-0.159542,0.484380,-0.082424,-0.637802,-0.278978,-0.154465,0.115294,0.247859,0.010719,-0.070273,0.291290,0.063395,0.208087,-0.126293,0.129190,0.023267,0.155070,-0.062625,0.000000,0.043182,0.000000,-0.000000
0.336855,0.623490,-0.067118,0.118270,-0.015177,0.013905,0.085756,-0.178038,0.495458,-0.094185,-0.544509,-0.266648,-0.165036,0.070493,0.085318,0.034373,-0.006688,0.320048,0.038407,0.209056,-0.116139,0.113243,0.020024,0.156042,-0.061032,-0.000001,0.043492,0.000000,0.000000
0.353751,0.549990,-0.086860,0.076763,0.041823,-0.000168,0.023621,-0.078281,0.496665,-0.086156,-0.359026,-0.236458,-0.167811,0.038571,-0.012388,0.032768,0.017549,0.329381,-0.016929,0.207336,-0.111599,0.092191,-0.001934,0.156504,-0.061095,0.000000,0.037575,-0.000000,0.000000
0.377709,0.464883,-0.104761,0.009271,0.072982,-0.019338,-0.047231,0.032222,0.490679,-0.077383,-0.163180,-0.209026,-0.169072,0.003412,-0.050115,0.020739,0.013398,0.331285,-0.074535,0.202844,-0.111083,0.077885,-0.026944,0.155410,-0.061815,0.000000,0.030378,-0.000000,0.000000
0.401728,0.395469,-0.113275,-0.018893,0.047472,-0.028615,-0.043297,0.045963,0.480177,-0.086909,-0.038789,-0.204969,-0.175101,-0.051105,-0.032720,0.013119,-0.008182,0.337754,-0.106331,0.195491,-0.113004,0.082168,-0.039339,0.151713,-0.062194,0.000000,0.026850,-0.000000,0.000000
0.398042,0.332301,-0.112481,-0.042494,0.018580,-0.026964,-0.026768,0.014595,0.441630,-0.103195,0.058015,-0.200911,-0.168325,-0.075255,-0.023444,-0.001498,-0.035459,0.342089,-0.134818,0.187150,-0.116367,0.074556,-0.047973,0.148101,-0.062948,0.000000,0.026163,-0.000000,0.000000
0.368495,0.306963,-0.102775,-0.049730,0.000750,-0.015209,-0.005907,-0.046197,0.394309,-0.118098,0.078832,-0.198880,-0.152133,-0.056961,-0.026926,-0.015803,-0.054794,0.342120,-0.145752,0.181989,-0.119491,0.058857,-0.048530,0.146379,-0.063699,0.000000,0.028660,-0.000000,0.000000
0.359851,0.284912,-0.078503,-0.070082,-0.021164,-0.019102,-0.000938,-0.101662,0.388871,-0.166705,0.081732,-0.200952,-0.138693,-0.039731,-0.073881,-0.015990,-0.037146,0.357630,-0.169951,0.186698,-0.118467,0.016373,-0.033680,0.151123,-0.063784,0.000001,0.036633,0.000000,-0.000000
0.327971,0.244459,-0.052021,-0.066229,-0.015877,-0.010290,0.000983,-0.131862,0.336884,-0.181879,0.085581,-0.177277,-0.101329,-0.040424,-0.128250,-0.022579,-0.013634,0.368168,-0.193483,0.189873,-0.116837,-0.002941,-0.012279,0.154116,-0.063528,0.000001,0.046175,0.000000,-0.000000
0.228717,0.163911,-0.035685,-0.000846,0.047900,0.039583,0.012701,-0.116858,0.149910,-0.096486,0.109248,-0.098005,-0.013366,-0.075904,-0.153974,-0.056094,-0.015383,0.353280,-0.202416,0.180109,-0.118139,0.050858,0.006807,0.147139,-0.063259,0.000000,0.053377,0.000000,-0.000000
0.145623,0.081065,-0.019419,0.027270,0.074768,0.056828,0.016615,-0.097244,0.016840,-0.018580,0.158668,-0.033037,0.040783,-0.109474,-0.160874,-0.063267,-0.005728,0.333909,-0.223561,0.174471,-0.116449,0.086260,0.014085,0.142764,-0.062847,0.000000,0.057019,0.000000,0.000000
0.120234,0.037343,-0.011354,0.004062,0.051292,0.032824,0.010769,-0.082826,0.004210,0.012885,0.209130,-0.014856,0.034044,-0.124349,-0.145500,-0.040510,0.010505,0.319739,-0.246344,0.175779,-0.112612,0.085565,0.005916,0.143177,-0.062498,0.000000,0.055281,0.000000,-0.000000
0.098529,-0.021338,0.000457,-0.047131,-0.011908,-0.047490,0.026649,-0.068816,0.000000,0.055762,0.350338,0.001878,0.026225,-0.019939,-0.201044,0.011802,0.046477,0.279749,-0.275367,0.178670,-0.107658,0.079989,0.007194,0.143612,-0.062997,0.000000,0.059178,0.000000,-0.000000
0.077463,-0.072248,0.011299,-0.087950,-0.058058,-0.110951,0.041560,-0.052545,0.000000,0.088926,0.472220,0.015485,0.024670,0.091468,-0.245218,0.049331,0.075527,0.243472,-0.303168,0.179607,-0.104655,0.072816,0.010797,0.143370,-0.064123,0.000000,0.063776,-0.000000,0.000000
0.053994,-0.092660,0.016459,-0.080035,-0.030387,-0.084394,0.032810,-0.031342,0.000000,0.091255,0.464706,0.024283,0.036718,0.097588,-0.195730,0.027739,0.070993,0.240442,-0.322288,0.175054,-0.106668,0.067347,0.009593,0.141755,-0.065653,-0.000001,0.064141,-0.000001,0.000000
0.026037,-0.098323,0.029225,-0.066015,0.000552,-0.058930,0.023694,-0.004594,0.000000,0.070052,0.384131,0.020170,0.029878,0.082676,-0.170679,0.018577,0.073294,0.240605,-0.320537,0.170481,-0.106493,0.053179,0.004321,0.140049,-0.066916,-0.000001,0.063922,-0.000001,0.000001
0.007570,-0.086406,0.043215,-0.052899,0.019289,-0.047289,0.018768,0.014327,0.000000,0.035917,0.270780,0.005203,0.007572,0.054188,-0.182590,0.026429,0.081281,0.243878,-0.298787,0.168173,-0.104215,0.037393,-0.002384,0.139103,-0.067282,0.000000,0.063227,-0.000000,0.000000
-0.035895,-0.054515,0.047369,-0.029243,0.030127,-0.031686,0.048994,0.049734,0.000000,0.044429,0.163780,0.008695,-0.003561,0.042568,-0.149160,0.008506,0.067639,0.229366,-0.258027,0.163090,-0.105255,0.029922,-0.009072,0.136713,-0.068360,0.000001,0.062151,0.000001,-0.000000
-0.090170,-0.016700,0.044009,0.010716,0.047794,-0.006750,0.094454,0.076187,0.000000,0.101668,0.076134,0.017689,-0.006334,0.032891,-0.112064,-0.019571,0.047839,0.193929,-0.211344,0.157738,-0.107111,0.024459,-0.010681,0.134323,-0.069235,0.000001,0.062146,0.000001,-0.000001
-0.141062,0.012989,0.035455,0.072744,0.087019,0.032884,0.135223,0.068240,0.000000,0.213714,0.020842,0.019227,-0.003564,0.010229,-0.112975,-0.042185,0.037344,0.134424,-0.171819,0.154619,-0.107278,0.014713,-0.002161,0.133372,-0.068987,-0.000001,0.064667,-0.000001,0.000000
-0.440069,0.040649,0.061374,0.099459,0.064235,0.020413,0.117291,0.096217,0.000000,0.095116,0.017035,0.030202,-0.000492,0.013516,-0.155622,-0.073728,0.040620,0.142793,-0.144343,0.152346,-0.106888,0.019717,0.015345,0.133089,-0.069101,-0.000001,0.069709,-0.000001,0.000000
-0.837687,0.052448,0.108804,0.077504,-0.009165,-0.037928,0.049624,0.146129,0.000000,-0.194827,0.066615,0.045127,0.001345,0.041110,-0.218682,-0.098427,0.056031,0.214852,-0.142654,0.152057,-0.106138,0.036967,0.033081,0.133616,-0.069519,0.000001,0.074753,0.000001,-0.000000
-1.097669,-0.019534,0.118233,0.102941,-0.036068,-0.063506,0.002848,0.145140,0.000000,-0.288305,0.204606,0.026773,0.000180,0.104675,-0.292245,-0.117427,0.085863,0.226267,-0.117574,0.147919,-0.103636,0.032738,0.043464,0.131712,-0.070152,0.000001,0.074891,0.000001,-0.000000
-1.306912,-0.160714,0.061879,0.178454,0.004737,-0.022518,-0.026397,0.075822,0.000000,-0.294886,0.456118,0.000964,0.001393,0.488087,-0.526173,-0.144791,0.090679,0.192287,-0.110650,0.142559,-0.102018,0.028849,0.048611,0.129849,-0.070514,0.000000,0.074051,-0.000000,0.000000
-1.552315,-0.356510,-0.088033,0.306726,0.134460,0.118843,-0.041467,-0.079253,0.000000,-0.324141,0.846255,-0.006474,0.010359,1.475215,-1.070324,-0.194585,0.031046,0.128160,-0.163424,0.138601,-0.103921,0.047129,0.050616,0.130502,-0.070121,-0.000001,0.076158,-0.000001,0.000001
-1.651337,-0.614823,-0.123196,0.234089,0.117604,0.115732,-0.024524,-0.149815,0.000000,-0.109981,1.169193,-0.040585,0.007765,1.924847,-1.237526,-0.191738,0.026052,0.098988,-0.218479,0.136875,-0.099695,0.049067,0.034118,0.130869,-0.069306,0.000000,0.071318,-0.000000,0.000000
-1.554461,-0.806494,-0.026027,-0.003138,-0.037403,-0.030294,0.015961,-0.100584,0.000000,0.240513,1.263457,-0.084313,-0.005091,1.612162,-0.944176,-0.137670,0.078192,0.119358,-0.248286,0.138243,-0.091451,0.033686,0.007364,0.130767,-0.068478,0.000001,0.061949,0.000001,-0.000001
-1.376400,-1.175031,-0.016553,-0.108448,-0.150569,-0.117782,0.078327,-0.124202,0.000000,0.564724,1.452354,-0.157039,-0.043223,1.220841,-0.751789,-0.105228,0.083152,0.098205,-0.273537,0.132534,-0.091112,0.034177,-0.033498,0.126511,-0.070941,0.000000,0.051526,0.000001,-0.000000
-1.288725,-1.525933,-0.032479,-0.124164,-0.203172,-0.149879,0.132772,-0.147813,0.000000,0.870878,1.662366,-0.206286,-0.079283,0.847733,-0.649357,-0.076091,0.072262,0.056241,-0.285295,0.128066,-0.094268,0.046268,-0.062886,0.122838,-0.074454,-0.000001,0.047174,-0.000000,0.000000
-1.463002,-1.664704,-0.011511,-0.092611,-0.176495,-0.129733,0.149496,-0.098555,0.000000,1.167206,1.819974,-0.179578,-0.085919,0.589673,-0.625867,-0.031929,0.076853,0.014174,-0.274623,0.133151,-0.096511,0.065687,-0.055224,0.124490,-0.076776,0.000000,0.056021,-0.000000,0.000000
-1.743371,-1.878766,0.000172,-0.031315,-0.120357,-0.039433,0.143250,-0.024199,0.000000,1.374470,1.840972,-0.203156,-0.159378,0.295149,-0.657408,-0.029835,0.010966,-0.049957,-0.317426,0.128911,-0.108577,0.065637,-0.086176,0.122133,-0.082042,0.000000,0.048525,-0.000000,0.000000
-1.989649,-2.061090,-0.003272,0.029074,-0.062827,0.075871,0.117159,0.038078,0.000000,1.389038,1.714863,-0.265233,-0.262931,0.111421,-0.728210,-0.070857,-0.092456,-0.104085,-0.392303,0.117464,-0.124432,0.046140,-0.140271,0.116946,-0.087617,0.000000,0.028434,-0.000000,0.000000
-2.140448,-2.170400,0.021895,0.082660,-0.007372,0.102253,0.100800,0.060782,0.000000,1.463646,1.706386,-0.267610,-0.343460,-0.152396,-0.744881,-0.016193,-0.165556,-0.037388,-0.403604,0.129773,-0.138460,-0.052530,-0.182754,0.123988,-0.090430,-0.000001,0.009652,0.000000,0.000000
-2.207456,-2.297117,0.039908,0.131726,0.045550,0.112505,0.083048,0.049517,0.000000,1.507208,1.858824,-0.253351,-0.399014,-0.334643,-0.732211,0.039753,-0.187202,0.044362,-0.401946,0.145636,-0.147349,-0.137600,-0.204858,0.132722,-0.091371,-0.000001,-0.001030,0.000000,-0.000000
-2.202350,-2.531647,0.015001,0.178557,0.095481,0.179420,0.052772,0.009885,0.000000,1.428632,2.215458,-0.265521,-0.427642,-0.273653,-0.714991,0.002581,-0.136264,0.035390,-0.437945,0.144854,-0.147786,-0.116301,-0.197813,0.132611,-0.091331,0.000001,0.003183,0.000000,-0.000000
-2.189406,-2.735073,0.170880,0.109345,0.045935,0.043233,-0.468168,0.215600,0.000000,1.947315,2.350870,-0.271942,-0.492582,-1.053259,-0.636050,0.086082,-0.058613,0.039362,-0.426699,0.155801,-0.147760,-0.120172,-0.208235,0.133996,-0.091476,0.000001,-0.000999,0.000000,-0.000000
-2.175112,-2.805702,0.429609,-0.041305,-0.078316,-0.227962,-1.219308,0.563808,0.000000,2.803938,2.197367,-0.269405,-0.561368,-2.283671,-0.534863,0.248506,0.006923,0.054295,-0.373834,0.173001,-0.147284,-0.147277,-0.230920,0.136187,-0.091736,-0.000001,-0.011488,0.000000,-0.000000
-2.173087,-2.744686,0.481564,-0.278464,-0.041791,-0.293372,-1.655033,0.601050,0.000000,3.441857,1.928474,-0.301113,-0.635345,-2.189126,-0.663661,0.266872,-0.005429,0.029636,-0.443481,0.174657,-0.161420,-0.218615,-0.279751,0.134723,-0.095190,-0.000001,-0.025355,0.000000,0.000000
-2.299549,-2.528208,0.349466,-0.472622,0.150358,-0.271351,-1.567554,0.374996,0.000000,3.593862,1.659903,-0.350910,-0.603587,-1.727830,-0.813972,0.230561,-0.081881,-0.000001,-0.399894,0.167708,-0.186194,-0.264812,-0.289717,0.129715,-0.099183,0.000000,-0.024960,0.000000,0.000000
-2.670705,-2.132443,0.056035,-0.494268,0.492973,-0.280253,-0.749083,-0.066678,0.000000,2.992734,1.507354,-0.402636,-0.355170,-1.857992,-0.777315,0.228960,-0.208643,-0.000003,-0.007325,0.159094,-0.217633,-0.216490,-0.195813,0.121267,-0.101063,0.000001,0.007337,0.000000,0.000000
-2.733262,-1.604616,-0.101633,-0.395517,0.512498,-0.225770,-0.152953,-0.210480,0.000000,2.458642,1.208191,-0.387257,-0.226074,-1.591626,-0.699049,0.232431,-0.299080,-0.035630,0.244056,0.159682,-0.236282,-0.162515,-0.138953,0.117536,-0.100980,0.000001,0.026836,0.000000,0.000000
-2.455968,-1.208660,-0.044703,-0.225750,0.199169,-0.135145,-0.077235,0.015493,0.000000,2.258663,0.912006,-0.312467,-0.280854,-1.061931,-0.618317,0.239240,-0.307975,-0.089070,0.228559,0.169182,-0.232817,-0.129879,-0.147569,0.120388,-0.098978,0.000000,0.023788,0.000000,0.000000
-2.357759,-1.110583,-0.045321,-0.408462,-0.218999,-0.167722,-0.051409,-0.073482,0.000000,1.937103,0.336611,-0.504922,-0.449285,-1.362601,-0.867742,0.213082,-0.310560,-0.151318,0.196683,0.148609,-0.244389,-0.276861,-0.287479,0.070165,-0.105601,-0.000001,-0.011685,-0.000000,0.000000
-2.261855,-1.282243,-0.092508,-0.576385,-0.462776,-0.189876,-0.095779,-0.231401,0.000000,1.713462,0.254217,-0.632335,-0.533918,-1.883995,-1.167468,0.209148,-0.362881,-0.321898,0.190611,0.140579,-0.267292,-0.408587,-0.395355,0.015825,-0.112396,-0.000001,-0.036106,-0.000000,0.000000
-1.991498,-1.695510,-0.175286,-0.362252,-0.252941,-0.067986,-0.230647,-0.212261,0.000000,1.807266,1.437022,-0.362425,-0.337309,-2.016483,-1.237651,0.282629,-0.520988,-0.700336,0.252527,0.187711,-0.297816,-0.330186,-0.307867,0.006330,-0.110908,0.000001,-0.005994,0.000000,0.000000
-1.882511,-3.760713,-0.122365,0.106597,-0.193576,0.259492,-0.325442,-0.561558,0.000000,1.845765,3.477645,-0.196866,-0.370646,-1.909982,-1.289547,0.315643,-0.683408,-0.994613,0.276922,0.229764,-0.325383,-0.262412,-0.227791,0.000000,-0.109393,0.000001,0.016442,-0.000000,0.000000
-1.989395,-6.445282,0.039794,0.595742,-0.314365,0.628822,-0.332769,-1.104650,0.000000,1.809710,5.355799,-0.218438,-0.617261,-1.617747,-1.297214,0.291685,-0.768936,-1.057595,0.251600,0.245711,-0.336211,-0.239155,-0.195169,-0.000001,-0.108606,-0.000001,0.019986,-0.000000,0.000000
-2.043110,-6.339204,0.168932,0.543477,-0.335760,0.396576,-0.036685,-0.847316,0.000000,2.038181,5.309665,-0.027932,-0.562958,-1.111490,-0.034427,0.540310,-0.941317,-0.780416,0.314036,0.316116,-0.366464,-0.252092,-0.155330,0.000000,-0.112985,-0.000001,0.052593,-0.000000,0.000000
-2.075318,-5.039191,0.234054,0.308146,-0.263624,0.016788,0.256492,-0.316375,0.000000,2.196458,4.484648,0.148459,-0.452628,-0.679725,1.132734,0.797946,-1.034322,-0.494882,0.364551,0.376530,-0.381085,-0.269189,-0.151107,0.000000,-0.115298,0.000001,0.072982,0.000000,-0.000000
-2.117708,-4.142028,0.204167,0.248101,-0.103819,-0.056504,0.240443,-0.038649,0.000000,1.949847,4.026210,0.084542,-0.531175,-0.610974,0.838178,0.801025,-0.881733,-0.532812,0.303469,0.362508,-0.345024,-0.258425,-0.225350,0.000000,-0.108314,0.000001,0.039868,0.000000,0.000000
-2.162281,-2.512269,0.219408,0.119467,-0.169457,-0.261187,0.383987,0.181948,0.000000,1.822305,2.473235,0.087818,-0.584608,-0.631103,0.220743,0.921288,-1.031394,-0.814837,0.212447,0.368069,-0.364532,-0.284415,-0.342390,0.000000,-0.078644,0.000000,-0.000132,-0.000000,0.000000
-2.186748,-0.964805,0.272156,-0.013437,-0.427719,-0.494917,0.615351,0.235117,0.000000,1.877600,0.602224,0.156647,-0.586210,-0.730048,-0.410847,1.098600,-1.408474,-1.199941,0.136998,0.390433,-0.429852,-0.334159,-0.443706,0.000000,-0.041125,0.000001,-0.027017,0.000000,-0.000000
-1.941566,-0.413650,0.132868,-0.107017,-0.350735,-0.545986,0.440782,0.311626,-0.161681,1.910448,-0.433615,0.231025,-0.368715,-0.802289,0.094479,1.130415,-1.386258,-1.185336,0.178281,0.403084,-0.453125,-0.271100,-0.372991,0.000000,-0.014309,0.000000,0.002901,-0.000000,0.000000
-1.545620,-0.529036,-0.042688,-0.146421,-0.196402,-0.461015,0.166320,0.344787,-0.317013,1.949900,-0.374794,0.192145,-0.285579,-1.655719,0.425691,1.084907,-1.161639,-1.337029,0.307111,0.335309,-0.382816,-0.366563,-0.404468,-0.001268,0.000001,-0.100386,-0.027837,-0.000002,0.000001
-1.117787,-0.981221,-0.098740,-0.116793,-0.222613,-0.286617,0.098002,0.267910,-0.297962,2.025014,1.038235,-0.078801,-0.690261,-4.098210,-0.728230,1.030242,-0.931500,-2.221012,0.494297,0.116391,-0.167388,-0.891864,-0.812370,-0.005068,0.000001,-0.401540,-0.236689,-0.000006,0.000002
-1.140773,-1.199716,-0.012325,-0.034887,-0.218834,-0.114727,-0.030058,0.072190,-0.320297,1.429445,1.037827,0.054909,-0.472347,-2.760299,-0.565489,0.962076,-0.923216,-2.036228,0.626984,0.133146,-0.213907,-0.725436,-0.574127,-0.002534,-0.000000,-0.259785,-0.149710,-0.000003,0.000001
-1.603094,-1.075277,0.173348,0.058345,-0.186958,-0.031292,-0.153829,-0.144511,-0.372853,0.460988,-0.375816,0.526416,0.259200,1.689045,0.832546,0.914490,-1.140937,-0.875071,0.638827,0.377198,-0.499113,0.049508,0.191143,0.005068,-0.000001,0.254001,0.189609,0.000006,-0.000002
-1.872978,-1.255190,0.052359,-0.034465,-0.352445,-0.067444,-0.140936,-0.193427,-0.269302,0.859746,-0.047988,0.107661,0.050022,1.751065,0.674514,0.789744,-1.037665,-0.408273,0.537134,0.360602,-0.522340,0.076014,0.161856,0.003801,-0.000001,0.301153,0.201951,0.000004,-0.000001
-1.987731,-1.492465,-0.143630,-0.201731,-0.563701,-0.130540,-0.073091,-0.144513,-0.178310,1.529068,0.772598,-0.483996,-0.391652,0.377354,0.004464,0.658172,-0.853893,-0.323258,0.404904,0.252572,-0.449163,-0.156373,-0.123489,-0.000000,0.000000,0.147536,0.102128,-0.000000,0.000000
-1.984662,-1.540098,-0.182959,-0.331867,-0.669134,-0.127941,-0.032011,-0.067725,-0.268541,1.372328,0.837228,-0.531200,-0.357602,0.519502,-0.133555,0.590111,-0.830124,-0.307442,0.325139,0.222321,-0.445160,-0.158098,-0.126389,0.000000,0.000000,0.059017,0.104954,0.000000,0.000000
-1.904231,-1.740366,-0.210088,-0.385605,-0.682110,-0.074791,-0.042096,-0.009047,-0.313101,1.170430,1.226276,-0.592621,-0.337146,0.641879,-0.231896,0.459716,-0.736316,-0.280748,0.261448,0.182170,-0.428896,-0.168070,-0.136626,0.000000,-0.000000,0.000004,0.102770,-0.000000,-0.000000
-1.786655,-1.993132,-0.211453,-0.336075,-0.596140,0.002334,-0.098302,0.002185,-0.289711,1.024315,1.745218,-0.637548,-0.340515,0.683299,-0.241386,0.332181,-0.619371,-0.256522,0.245675,0.152194,-0.408505,-0.181308,-0.149074,-0.000000,0.000000,0.000001,0.096669,-0.000001,0.000000
-1.646796,-2.031702,-0.254214,-0.471061,-0.619326,-0.021908,-0.066556,0.171643,-0.333838,0.736764,1.930627,-0.733116,-0.258096,0.751586,-0.493785,0.180671,-0.439411,-0.206160,0.205574,0.104554,-0.380114,-0.210387,-0.132594,0.000000,0.000000,0.000000,0.100205,-0.000000,0.000000
-1.552686,-1.883361,-0.324376,-0.664469,-0.700853,-0.082972,-0.021103,0.324136,-0.455098,0.532252,1.813293,-0.804818,-0.102363,0.753097,-0.711558,0.068566,-0.274557,-0.167176,0.187618,0.067499,-0.357897,-0.213927,-0.078967,0.000000,-0.000000,0.000001,0.118819,0.000001,-0.000000
-1.572362,-1.575381,-0.407939,-0.790207,-0.789905,-0.116317,-0.036193,0.284467,-0.663105,0.635254,1.423985,-0.778142,0.114209,0.594188,-0.617160,0.059251,-0.202930,-0.177085,0.238283,0.069290,-0.356027,-0.150543,0.020039,0.000000,-0.000000,0.000000,0.157950,0.000000,0.000000
-1.624793,-1.410776,-0.462234,-0.808734,-0.841545,-0.152167,0.006143,0.251503,-0.726043,0.562620,1.066127,-0.847606,0.240043,0.652842,-0.475895,0.055711,-0.140072,-0.147495,0.386938,0.048818,-0.347383,-0.126562,0.050962,0.000000,0.000000,0.000000,0.172123,-0.000001,0.000000
-1.683772,-1.471856,-0.460116,-0.710792,-0.829957,-0.172596,0.084737,0.241726,-0.612445,0.350663,0.918654,-0.978482,0.212221,0.899737,-0.358400,0.059713,-0.117420,-0.093202,0.559256,0.016318,-0.336289,-0.153977,-0.001663,-0.000000,0.000000,0.000000,0.154252,-0.000002,0.000000
-1.614735,-1.404113,-0.418328,-0.682970,-0.748993,-0.123079,0.129753,0.309669,-0.697347,0.181767,0.668025,-0.886944,0.287470,0.844020,-0.205515,0.012271,-0.212859,-0.051293,0.588070,0.013463,-0.361642,-0.111127,-0.046939,-0.000001,0.000000,0.000000,0.145674,-0.000002,0.000000
-1.546854,-1.382834,-0.324620,-0.604686,-0.576913,-0.047981,0.126935,0.357211,-0.771503,0.178173,0.593260,-0.723229,0.343033,0.810966,-0.105926,-0.038631,-0.295895,-0.030157,0.586559,0.024258,-0.382557,-0.048280,-0.076532,0.000000,0.000000,0.000000,0.141935,-0.000002,0.000000
-1.609287,-1.583287,-0.166742,-0.355355,-0.291974,0.008332,0.062026,0.286231,-0.625662,0.462106,0.973347,-0.637560,0.256139,1.125831,-0.148313,-0.045007,-0.236040,-0.038183,0.667888,0.032711,-0.358135,-0.015691,-0.082108,0.000001,0.000000,0.000000,0.138574,0.000002,0.000000
-1.607963,-1.586571,-0.099904,-0.201357,-0.127678,0.056118,0.050229,0.247322,-0.671768,0.600120,1.015472,-0.613797,0.207688,1.135272,-0.144228,0.043716,-0.179334,-0.038749,0.694138,0.051884,-0.338087,-0.022677,-0.108948,-0.000001,0.000000,0.000000,0.129122,0.000001,0.000000
-1.543570,-1.391056,-0.157524,-0.219693,-0.166178,0.071484,0.097442,0.259942,-0.886773,0.523216,0.698584,-0.663825,0.221911,0.834581,-0.095719,0.183176,-0.154132,-0.031570,0.652191,0.072195,-0.332445,-0.065741,-0.143635,-0.000003,0.000000,-0.000001,0.118305,-0.000004,0.000000
-1.392323,-1.317924,-0.111133,-0.132820,-0.040713,0.075913,0.051098,0.232753,-1.025495,0.433138,0.609663,-0.584848,0.167452,0.583404,0.032566,0.221571,-0.098622,-0.004581,0.585490,0.083686,-0.303040,-0.031900,-0.139898,0.000000,0.000000,0.000000,0.118462,0.000000,0.000000
-1.232174,-1.280564,-0.037232,-0.026618,0.110765,0.072891,-0.013344,0.190174,-1.105651,0.346348,0.594869,-0.419568,0.126135,0.399185,0.154656,0.205480,-0.016506,0.012535,0.517924,0.097327,-0.270684,0.040054,-0.120491,0.000002,0.000000,0.000001,0.124711,0.000004,0.000000
-1.141101,-1.192367,-0.012322,0.013033,0.150304,0.065906,-0.020425,0.156632,-1.144960,0.279298,0.500351,-0.210690,0.179793,0.299370,0.184570,0.181481,0.088516,-0.009907,0.473390,0.124091,-0.256184,0.111353,-0.108165,-0.000001,0.000001,-0.000001,0.132167,-0.000001,0.000000
-1.060024,-1.097304,-0.004606,0.048364,0.176384,0.025359,-0.036993,0.113479,-1.137196,0.205642,0.383636,0.072493,0.251091,0.213216,0.219131,0.062163,0.206742,-0.021002,0.432457,0.153071,-0.242244,0.200951,-0.106436,-0.000003,0.000001,-0.000001,0.135181,-0.000003,0.000000
-1.029485,-1.042902,-0.017940,0.061710,0.175965,-0.028476,-0.054764,0.082293,-1.086245,0.162205,0.303087,0.288398,0.304379,0.183803,0.241056,-0.092816,0.279061,-0.015204,0.415594,0.169778,-0.235833,0.264049,-0.116169,-0.000002,0.000001,0.000000,0.132246,-0.000001,0.000000
-0.966302,-0.961256,-0.019908,0.073110,0.162106,-0.022624,-0.019914,0.130237,-1.114788,0.129348,0.200585,0.395535,0.333622,0.161315,0.270632,-0.151694,0.254422,-0.021393,0.314954,0.176476,-0.250605,0.255314,-0.133467,0.000002,-0.000000,0.000001,0.129297,0.000003,-0.000000
-0.873706,-0.864103,-0.013070,0.089936,0.126435,-0.005980,0.018983,0.167977,-1.200239,0.089726,0.095505,0.455884,0.372726,0.138355,0.316690,-0.173162,0.206399,-0.027611,0.225426,0.180171,-0.279373,0.225255,-0.132704,0.000004,-0.000001,0.000001,0.140306,0.000004,-0.000000
-0.754949,-0.763202,0.000011,0.119558,0.060583,-0.027439,0.013353,0.106176,-1.320024,0.025988,0.007227,0.531431,0.455597,0.107528,0.388065,-0.215909,0.208567,-0.021897,0.241903,0.187868,-0.314955,0.224382,-0.088248,-0.000000,0.000000,-0.000001,0.179242,-0.000000,0.000000
-0.714812,-0.736988,0.021108,0.124910,0.001439,-0.032991,-0.011770,0.049528,-1.379957,-0.026092,-0.044519,0.537714,0.487589,0.071260,0.434040,-0.228103,0.228061,-0.043927,0.263363,0.188732,-0.335504,0.194153,-0.070965,-0.000001,0.000000,-0.000001,0.202639,-0.000001,0.000000
-0.773355,-0.798559,0.039674,0.103318,-0.021427,-0.019861,-0.043825,0.026357,-1.350065,-0.040478,-0.033855,0.471589,0.452702,0.047685,0.431621,-0.203647,0.255135,-0.082685,0.279076,0.182331,-0.330739,0.149688,-0.089499,0.000002,-0.000001,0.000001,0.198798,0.000002,-0.000000
-0.822374,-0.798827,0.018362,0.067264,-0.036605,-0.007235,-0.041078,0.048775,-1.363122,0.015801,-0.026983,0.442207,0.457288,0.063547,0.431253,-0.174858,0.248207,-0.049831,0.283607,0.182211,-0.330809,0.109112,-0.066310,-0.000001,0.000000,0.000000,0.209482,-0.000001,0.000000
-0.851706,-0.782424,-0.006589,0.043155,-0.033007,0.002346,-0.036721,0.063861,-1.396271,0.049385,-0.031009,0.433861,0.472775,0.081894,0.418079,-0.147556,0.225864,0.002234,0.284903,0.185244,-0.334385,0.082746,-0.043732,-0.000004,0.000001,-0.000001,0.220522,-0.000003,0.000000
-0.851187,-0.793979,0.001063,0.057400,0.000460,0.006340,-0.063946,0.018691,-1.426649,-0.033098,-0.053033,0.430849,0.470588,0.065771,0.377238,-0.127563,0.206687,0.021107,0.290915,0.188293,-0.340135,0.080916,-0.064093,0.000002,-0.000001,0.000001,0.217745,0.000002,-0.000000
-0.863582,-0.807974,-0.013226,0.066726,-0.001295,0.013807,-0.099136,-0.032302,-1.461887,-0.073436,-0.062311,0.426796,0.489330,0.058941,0.379333,-0.088742,0.200406,0.066178,0.311314,0.196774,-0.342593,0.065956,-0.054336,0.000004,-0.000001,0.000001,0.226306,0.000003,-0.000000
-0.882697,-0.817415,-0.042312,0.066468,-0.037393,0.021015,-0.124696,-0.063619,-1.484365,-0.051451,-0.054201,0.423726,0.519629,0.064819,0.423320,-0.050505,0.210166,0.114911,0.335902,0.206448,-0.340527,0.045344,-0.019342,0.000000,0.000000,-0.000001,0.241924,0.000000,0.000000
-0.873792,-0.827858,-0.029910,0.082797,0.020821,0.048111,-0.101224,-0.055933,-1.353369,-0.066671,-0.018042,0.372487,0.441279,0.101338,0.379701,-0.073333,0.164406,0.158455,0.343302,0.195287,-0.312567,0.017151,-0.052410,0.000000,0.000000,0.000000,0.212757,-0.000000,0.000000
-0.738919,-0.712448,-0.009977,0.101291,0.101323,0.062547,-0.071758,-0.041438,-1.012401,-0.096267,0.006455,0.270435,0.318594,0.145201,0.328184,-0.091356,0.094444,0.191165,0.338716,0.171854,-0.279979,-0.025141,-0.113207,0.000001,-0.000000,0.000001,0.172786,0.000001,0.000000
-0.380135,-0.344336,-0.016466,0.107530,0.132091,0.031778,-0.079341,-0.052325,-0.404962,-0.117415,-0.020409,0.114928,0.215895,0.173109,0.348483,-0.038707,0.031598,0.207400,0.327346,0.144711,-0.264037,-0.088048,-0.161400,0.000000,0.000000,0.000000,0.155991,0.000000,0.000000
-0.114673,-0.071239,-0.028765,0.146629,0.143708,0.009236,-0.096000,-0.098122,0.000000,-0.138479,-0.027883,-0.006685,0.142485,0.199690,0.352012,0.014386,0.000751,0.224428,0.344544,0.125118,-0.250503,-0.122726,-0.198931,0.000000,0.000000,0.000000,0.143204,-0.000000,0.000000
-0.075275,-0.029704,-0.040723,0.199042,0.130366,0.006193,-0.113407,-0.155932,0.000000,-0.148928,-0.012240,-0.033598,0.135072,0.211654,0.337007,0.041376,0.017332,0.233735,0.381714,0.122876,-0.246149,-0.111830,-0.207025,0.000000,-0.000000,0.000000,0.140817,0.000000,-0.000000
0.023830,0.034431,-0.031103,0.225108,0.114630,-0.003444,-0.129819,-0.195329,0.000000,-0.181028,-0.020549,-0.059800,0.105106,0.208738,0.361829,0.033644,0.026786,0.297194,0.416980,0.111881,-0.238672,-0.083885,-0.212801,-0.000006,0.000001,-0.000001,0.137669,-0.000007,0.000000
0.094166,0.068751,-0.010527,0.237280,0.136037,-0.005417,-0.130668,-0.195829,0.000000,-0.218329,-0.038326,-0.077964,0.062719,0.206168,0.380841,0.012365,0.025001,0.364098,0.438287,0.100435,-0.230686,-0.056425,-0.213146,-0.000011,0.000002,-0.000001,0.135806,-0.000013,0.000000
0.047249,0.020862,0.010387,0.248016,0.234131,0.014531,-0.101392,-0.136951,0.000000,-0.244406,-0.051096,-0.080771,0.018044,0.219177,0.348409,-0.001293,0.007868,0.383744,0.433593,0.096849,-0.224823,-0.046974,-0.204951,-0.000007,0.000001,0.000000,0.137276,-0.000008,0.000000
0.050351,0.011021,0.031111,0.275954,0.320234,0.010087,-0.108952,-0.128068,0.000000,-0.309554,-0.101128,-0.068891,-0.037911,0.206009,0.311535,-0.002989,-0.002898,0.336109,0.414390,0.096573,-0.212617,-0.016370,-0.182784,-0.000001,0.000001,0.000000,0.147132,-0.000003,0.000000
0.101921,0.044146,0.041283,0.307126,0.351294,-0.016528,-0.149569,-0.173624,0.000000,-0.381199,-0.163400,-0.048265,-0.077166,0.173245,0.288657,0.008130,-0.001915,0.245011,0.390280,0.099751,-0.200172,0.020087,-0.157723,0.000001,0.000001,0.000000,0.160445,0.000001,0.000000
-0.133222,0.107086,0.056690,0.634193,0.355665,-0.070229,-0.534782,-0.231980,0.000000,-0.849766,-0.200814,0.014503,-0.085178,0.378821,0.134148,0.008330,-0.016913,0.212452,0.191167,0.114521,-0.228238,0.001764,-0.161025,0.000003,-0.000001,0.000000,0.191380,0.000004,-0.000000
-0.300366,0.147682,0.069523,0.845721,0.329826,-0.094750,-0.802176,-0.279073,0.000000,-1.194188,-0.265673,0.093049,-0.082184,0.543460,-0.019220,-0.028288,0.010289,0.139261,0.000075,0.136885,-0.249599,-0.032464,-0.176388,0.000005,-0.000001,0.000000,0.217656,0.000006,-0.000000
-0.044814,0.113776,0.071978,0.530268,0.270256,-0.033825,-0.489332,-0.290840,0.000000,-0.893408,-0.410277,0.161003,-0.088420,0.387885,-0.038667,-0.127620,0.137866,-0.073734,0.000030,0.162847,-0.217041,-0.043711,-0.187519,0.000008,-0.000001,0.000001,0.216994,0.000010,-0.000000
0.188366,0.168273,0.083124,0.338028,0.249220,0.018248,-0.266928,-0.289005,0.000000,-0.795013,-0.641701,0.236434,-0.096457,0.301638,0.008071,-0.222030,0.296336,-0.233847,0.000000,0.183454,-0.169727,-0.028110,-0.153980,0.000007,-0.000001,0.000001,0.227468,0.000008,-0.000000
0.282580,0.283918,0.097387,0.365118,0.277231,0.035431,-0.246165,-0.274482,0.000000,-0.948188,-0.844216,0.281620,-0.102275,0.327834,0.097624,-0.264311,0.406460,-0.261018,0.000000,0.188398,-0.131311,0.006539,-0.092539,0.000002,-0.000000,0.000000,0.243835,0.000002,-0.000000
0.322258,0.409389,0.092499,0.421687,0.324109,-0.010355,-0.338703,-0.393296,0.000000,-1.118428,-1.163557,0.268696,-0.114088,0.298531,-0.009913,-0.235626,0.530849,-0.368989,0.000000,0.179291,-0.091535,0.014383,-0.029773,-0.000000,0.000002,0.000000,0.138672,-0.000001,0.000000
0.349933,0.511584,0.060603,0.443196,0.332952,-0.052789,-0.427828,-0.505773,0.000000,-1.264793,-1.403219,0.240439,-0.110956,0.274617,-0.163411,-0.205165,0.621687,-0.451528,0.000000,0.165205,-0.064023,0.019848,0.007683,-0.000001,0.000002,-0.000001,0.023381,-0.000001,0.000000
0.408113,0.557390,-0.006156,0.365095,0.246849,-0.025552,-0.396819,-0.472234,0.000000,-1.346305,-1.366660,0.239617,-0.071935,0.316972,-0.211743,-0.242096,0.631146,-0.402400,0.000000,0.155200,-0.062388,0.047359,-0.006825,0.000000,-0.000000,0.000000,0.009353,0.000000,0.000000
0.419533,0.586903,-0.115866,0.316928,0.113605,0.001911,-0.285128,-0.441527,0.000000,-1.372215,-1.310033,0.195521,0.015235,0.341681,-0.248001,-0.252180,0.581828,-0.355757,0.000000,0.148082,-0.079671,0.031140,-0.008544,0.000001,-0.000002,0.000001,0.000001,0.000001,-0.000000
0.378487,0.585365,-0.213671,0.322777,-0.000158,0.015871,-0.148602,-0.429004,0.000000,-1.329568,-1.261649,0.130200,0.106968,0.336393,-0.254054,-0.230382,0.498390,-0.334920,0.000000,0.147410,-0.107232,-0.020689,0.003386,0.000000,-0.000001,0.000000,0.000000,0.000001,-0.000000
0.290805,0.575569,-0.251994,0.218147,-0.085542,-0.005476,-0.086518,-0.333737,0.000000,-0.964198,-1.049030,0.111416,0.219348,0.312528,-0.294194,-0.203545,0.441779,-0.274958,0.000000,0.149094,-0.130513,-0.039893,0.021616,0.000000,-0.000001,0.000000,0.000000,0.000000,-0.000000
0.431591,0.547063,-0.270242,0.162317,-0.150037,-0.051874,-0.174418,-0.209651,0.000000,-0.182050,-0.785956,0.101418,0.297931,0.296994,-0.305256,-0.172514,0.380443,-0.145888,0.000000,0.147207,-0.145207,-0.045446,0.020438,0.000000,0.000000,0.000000,0.000000,0.000000,0.000000
1.075909,0.489372,-0.307814,0.314557,-0.201125,-0.113067,-0.487830,-0.110667,0.000000,1.110896,-0.586170,0.062452,0.288266,0.316691,-0.224064,-0.138132,0.282830,0.082273,0.000000,0.135824,-0.147015,-0.056317,-0.025868,-0.000000,0.000000,0.000000,0.000000,-0.000000,0.000000
1.549193,0.608552,-0.344662,0.082304,-0.202256,-0.177831,-0.689321,0.090684,0.000000,2.958360,-0.649953,0.062760,0.284222,0.028608,-0.067554,-0.102870,0.225149,0.182308,0.000000,0.120114,-0.125884,-0.035191,-0.054294,-0.000011,0.000011,-0.000001,-0.000001,-0.000011,0.000001
1.614800,0.845012,-0.362360,-0.418315,-0.152866,-0.213783,-0.678145,0.293725,0.000000,4.436591,-0.945419,0.102191,0.287822,-0.423210,0.086018,-0.084360,0.236242,0.104196,0.000000,0.107925,-0.092374,0.007379,-0.050622,-0.000025,0.000026,-0.000001,-0.000002,-0.000026,0.000003
1.445097,0.799277,-0.299619,-0.567232,-0.100826,-0.177435,-0.518578,0.337095,0.000000,4.566902,-0.937343,0.145948,0.245241,-0.428338,0.114500,-0.132042,0.146332,0.081361,0.000000,0.103235,-0.094169,0.062525,-0.041983,-0.000010,0.000007,-0.000001,-0.000001,-0.000013,0.000001
1.355743,0.578120,-0.212696,-0.514841,-0.074914,-0.107779,-0.398562,0.301498,0.000000,4.098555,-0.707966,0.175271,0.183614,-0.280831,0.194558,-0.195089,0.028391,0.092531,0.000000,0.096318,-0.106958,0.099954,-0.041056,0.000006,-0.000016,0.000001,0.000001,-0.000004,-0.000001
1.662362,0.288287,-0.157837,-0.411539,-0.103904,-0.043799,-0.506023,0.267634,0.000000,3.780738,-0.339514,0.171397,0.130066,-0.274742,0.502863,-0.222671,-0.044625,0.116432,0.000000,0.077432,-0.106427,0.089371,-0.060523,-0.000006,-0.000010,0.000001,0.000001,-0.000035,-0.000001
1.919430,0.001347,-0.088324,-0.323405,-0.063434,0.000285,-0.622259,0.223664,0.000000,3.271621,0.081444,0.189297,0.063372,0.041433,0.461046,-0.230196,-0.037731,0.087309,0.000000,0.066774,-0.090808,0.089249,-0.085229,-0.000016,0.000001,0.000000,0.000000,-0.000047,-0.000000
1.998436,-0.139236,-0.038915,-0.294509,0.026270,0.002434,-0.689164,0.191589,0.000000,2.825791,0.344434,0.220027,0.016881,0.509622,0.090016,-0.213905,0.045629,0.019724,-0.000001,0.069673,-0.067906,0.099647,-0.102818,-0.000018,0.000010,0.000000,-0.000001,-0.000034,0.000001
1.919702,-0.279170,-0.026299,-0.315143,0.564101,0.211448,-1.061313,1.230646,0.000000,2.039328,-0.004578,0.239385,0.016237,0.669929,0.388791,-0.157848,0.187774,0.008415,0.000000,0.085831,-0.042532,0.149348,-0.036171,0.000017,-0.000003,0.000001,0.000001,0.000040,-0.000001
1.748872,-0.323281,0.009831,-0.293417,0.987052,0.353550,-1.238072,1.908202,0.000000,1.071423,-0.338614,0.233337,-0.019795,0.631458,0.799191,-0.099085,0.268975,0.004540,0.000001,0.099765,-0.021933,0.183001,0.031051,0.000043,-0.000013,0.000001,0.000002,0.000091,-0.000002
1.551643,-0.176421,0.129780,-0.137453,0.732141,0.154974,-0.718845,0.791679,0.000000,0.081345,-0.030690,0.187853,-0.172445,0.503344,0.763034,-0.074679,0.169505,-0.040741,0.000000,0.095998,-0.013357,0.145242,0.015199,0.000015,0.000009,-0.000001,0.000000,0.000032,-0.000001
1.315850,-0.066024,0.215246,0.094942,0.521388,0.031305,-0.283471,0.018252,0.000000,-0.680125,0.043401,0.157945,-0.292490,0.457011,0.555803,-0.034679,0.065172,-0.070727,-0.014283,0.092748,-0.017935,0.136435,-0.029236,-0.000001,0.000008,-0.000001,-0.000001,-0.000003,0.000000
1.159388,-0.047281,0.223497,0.287571,0.460169,0.044374,-0.149634,-0.025380,0.000000,-0.832269,-0.153372,0.158568,-0.319907,0.515624,0.281115,0.000912,0.008143,-0.070427,-0.035708,0.091641,-0.033377,0.160986,-0.080031,0.000003,-0.000017,0.000001,0.000001,0.000004,-0.000001
1.067924,-0.080383,0.203114,0.341081,0.414183,0.028003,-0.014945,-0.020388,0.000000,-0.764334,-0.149775,0.180563,-0.288676,0.553116,0.217132,0.034608,-0.013396,-0.047852,-0.073190,0.096698,-0.046256,0.149876,-0.044751,0.000002,-0.000013,0.000001,0.000001,0.000004,-0.000000
1.003021,-0.123173,0.170842,0.320811,0.374911,0.001867,0.095151,0.028488,0.000000,-0.496706,-0.029391,0.198250,-0.244359,0.548783,0.201620,0.057898,-0.008790,-0.029980,-0.085869,0.101769,-0.055899,0.125226,-0.004435,0.000000,-0.000000,0.000000,0.000000,0.000000,0.000000
0.926241,-0.133482,0.143426,0.292100,0.333833,-0.014357,0.155208,0.116509,0.000000,-0.049764,0.124207,0.185949,-0.232516,0.481917,0.072347,0.062273,0.012618,-0.043790,-0.032887,0.100705,-0.061636,0.109160,-0.040102,-0.000001,0.000001,0.000000,-0.000001,-0.000002,0.000000
0.854418,-0.155118,0.090980,0.275811,0.269498,-0.043434,0.153711,0.188499,0.000000,0.316676,0.239417,0.187014,-0.212934,0.415176,-0.016462,0.082438,-0.013769,-0.066186,-0.014763,0.109568,-0.074948,0.071508,-0.084123,-0.000002,0.000001,0.000000,-0.000001,-0.000002,0.000000
0.823462,-0.177264,0.039727,0.280089,0.214073,-0.070825,0.091409,0.208462,0.000000,0.419396,0.258633,0.200912,-0.195405,0.381931,-0.020404,0.108309,-0.074755,-0.085970,-0.040561,0.123927,-0.089182,0.031096,-0.114489,0.000000,0.000000,-0.000001,0.000000,0.000000,0.000000
0.620726,-0.231972,0.083050,0.288340,0.175923,-0.087098,0.161448,0.098619,0.000000,0.480521,0.368780,0.208278,-0.205414,-0.179773,-0.020318,0.113527,-0.054571,-0.101003,-0.060619,0.126339,-0.095040,0.045502,-0.099221,-0.000003,0.000003,-0.000001,-0.000001,-0.000003,0.000001
0.437036,-0.289491,0.154553,0.310767,0.151899,-0.090546,0.266341,-0.016834,0.000000,0.520006,0.503519,0.209657,-0.219216,-0.757357,-0.046661,0.109848,-0.024645,-0.089351,-0.072541,0.123064,-0.097835,0.060609,-0.072226,-0.000004,0.000003,0.000000,0.000000,-0.000004,0.000001
0.463220,-0.320056,0.187837,0.357568,0.138849,-0.079462,0.308592,-0.013701,0.000000,0.557822,0.596514,0.205589,-0.213063,-0.838224,-0.129892,0.109023,-0.056402,-0.029075,-0.073930,0.120352,-0.102881,0.022304,-0.067404,0.000004,-0.000003,0.000001,0.000001,0.000004,-0.000001
0.524884,-0.357682,0.218524,0.443791,0.173452,-0.020596,0.399894,-0.030664,0.000000,0.472629,0.790885,0.241828,-0.203902,-0.760246,-0.236008,0.122215,-0.128251,0.080141,-0.138643,0.128369,-0.110066,0.004828,-0.043368,0.000006,-0.000005,0.000001,0.000001,0.000006,-0.000001
0.591201,-0.383562,0.231273,0.526330,0.238409,0.056617,0.494600,-0.059242,0.000000,0.307021,0.989449,0.300258,-0.196318,-0.562424,-0.311955,0.142832,-0.204270,0.183691,-0.234327,0.143111,-0.115804,0.016916,-0.012138,0.000001,-0.000001,0.000000,0.000001,0.000002,-0.000000
0.582480,-0.445110,0.229606,0.461401,0.264957,0.022657,0.543099,-0.033537,0.000000,0.258628,1.036286,0.316637,-0.244831,-0.500412,-0.301363,0.155623,-0.180173,0.171089,-0.255730,0.146596,-0.106940,0.003389,0.000525,-0.000001,0.000003,0.000000,0.000000,-0.000001,0.000000
0.566289,-0.485063,0.204956,0.384371,0.262363,-0.021677,0.574542,0.014248,0.000000,0.281978,1.036680,0.324842,-0.276912,-0.505284,-0.270279,0.155535,-0.134547,0.156682,-0.257438,0.146493,-0.102554,-0.005877,-0.011906,-0.000002,0.000003,-0.000001,-0.000001,-0.000002,0.000000
0.610188,-0.446185,0.148760,0.430607,0.239892,0.024410,0.618089,0.051915,0.000000,0.331593,1.095912,0.358752,-0.220040,-0.508121,-0.284754,0.137517,-0.145973,0.254815,-0.294040,0.150475,-0.121734,0.018996,-0.055954,0.000001,-0.000002,0.000000,0.000000,0.000001,-0.000000
0.693473,-0.385019,0.115016,0.439780,0.206437,0.014479,0.634947,0.094934,0.000000,0.387064,1.102760,0.284714,-0.214940,-0.609639,-0.326216,0.172587,-0.143068,0.296517,-0.308862,0.137171,-0.122540,-0.025621,-0.103262,0.000000,-0.000002,0.000001,0.000001,-0.000000,-0.000000
0.774509,-0.332138,0.120596,0.407303,0.178725,-0.046503,0.616689,0.121794,0.000000,0.420654,1.053810,0.139749,-0.264159,-0.759075,-0.373933,0.243209,-0.127284,0.260938,-0.294494,0.113231,-0.104569,-0.117415,-0.130180,-0.000004,0.000002,-0.000001,-0.000001,-0.000006,0.000000
0.805575,-0.366610,0.119169,0.379162,0.151864,-0.044466,0.556576,0.115911,0.000000,0.548634,1.112604,0.111701,-0.202699,-0.924930,-0.413323,0.285299,-0.070833,0.232011,-0.380601,0.109939,-0.114824,-0.010797,-0.093532,-0.000004,0.000002,-0.000001,-0.000001,-0.000006,0.000000
0.780821,-0.429544,0.140474,0.365191,0.127788,-0.029586,0.482509,0.082787,0.000000,0.672016,1.153526,0.108948,-0.101377,-1.035585,-0.410862,0.304364,-0.042315,0.203868,-0.432836,0.109845,-0.138907,0.102720,-0.046012,-0.000002,-0.000000,0.000000,0.000000,-0.000005,0.000000
0.694388,-0.462040,0.214249,0.375224,0.108430,-0.052043,0.422394,0.027922,0.000000,0.691804,1.050961,0.039868,-0.031008,-1.019422,-0.333023,0.305909,-0.110330,0.170640,-0.316851,0.095499,-0.162411,0.031632,-0.040308,-0.000001,-0.000001,0.000000,0.000000,-0.000004,0.000000
0.684553,-0.408390,0.214373,0.289248,0.048737,-0.071914,0.337238,0.035263,0.000000,0.748602,0.975287,0.001034,0.016750,-0.975629,-0.345120,0.283238,-0.128596,0.110894,-0.347807,0.081915,-0.173667,-0.032121,-0.023088,-0.000005,0.000000,0.000000,0.000000,-0.000008,0.000000
0.756234,-0.295419,0.140783,0.150250,-0.021445,-0.079265,0.269615,0.101139,0.000000,0.814003,0.964332,0.011862,0.018016,-0.926092,-0.441100,0.247683,-0.087978,0.054501,-0.510221,0.075880,-0.167048,-0.056654,-0.002965,-0.000010,0.000001,0.000000,0.000000,-0.000015,0.000000
0.667799,-0.344110,0.171219,0.116413,0.019847,-0.123266,0.224679,0.087544,0.000000,0.959104,0.802323,-0.038826,-0.022863,-0.915216,-0.235242,0.244460,-0.064209,-0.032116,-0.532066,0.067805,-0.160761,-0.072253,-0.011355,-0.000011,0.000001,0.000000,0.000000,-0.000021,0.000000
0.665903,-0.504047,0.135438,0.023322,-0.119206,-0.205323,0.203245,-0.080860,0.000000,0.995535,0.604317,-0.096558,0.006164,-0.908505,0.104965,0.225136,-0.037080,-0.072395,-0.360017,0.056987,-0.165309,-0.070485,-0.008219,-0.000003,-0.000000,0.000000,0.000000,-0.000012,-0.000000
0.997204,-0.724810,-0.136811,-0.293451,-0.730438,-0.326841,0.206127,-0.479422,0.000000,0.734919,0.485343,-0.106861,0.217150,-0.871454,0.412040,0.141272,0.013620,0.010228,0.059268,0.042714,-0.191186,-0.042909,0.046483,0.000018,-0.000003,0.000001,0.000001,0.000027,-0.000001
1.001108,-0.682217,-0.211955,-0.387288,-0.919350,-0.406988,0.255577,-1.600069,0.000000,0.585049,2.053970,-0.137807,0.272097,-0.750347,0.886099,0.106876,0.076716,0.086970,0.458577,0.032920,-0.192571,-0.015345,0.045976,0.000005,-0.000003,0.000001,0.000001,-0.000040,-0.000000
0.675663,-0.397563,-0.052421,-0.211270,-0.591486,-0.405689,0.326869,-2.882468,0.000000,0.620860,4.525873,-0.173924,0.143532,-0.605738,1.290111,0.139144,0.120661,0.119460,0.638253,0.032498,-0.168775,-0.001568,-0.009489,-0.000033,0.000001,-0.000001,-0.000001,-0.000179,0.000001
0.734740,-0.507650,0.041312,-0.097281,-0.461645,-0.405317,0.184364,-2.678751,0.000000,0.677806,5.050394,-0.188898,0.162951,-0.751922,1.543535,0.183475,0.251749,-0.036618,0.681973,0.023058,-0.157228,-0.034872,0.005662,-0.000001,0.000000,0.000000,0.000000,-0.000028,0.000000
0.929867,-0.647199,0.049836,-0.080501,-0.465700,-0.400001,0.050218,-2.032096,0.000000,0.652224,4.436219,-0.196659,0.251081,-0.897107,1.635104,0.196260,0.359987,-0.156169,0.653759,0.010006,-0.159247,-0.065169,0.030527,-0.000006,-0.000002,0.000001,0.000001,-0.000505,-0.000001
1.012592,-0.450948,-0.046259,-0.196111,-0.539543,-0.383881,0.146588,-1.985697,0.000000,0.440460,3.492099,-0.211142,0.328652,-0.749525,1.553585,0.133896,0.335382,-0.014102,0.617644,-0.001249,-0.176157,-0.042361,0.004181,-0.000153,-0.000000,-0.000001,-0.000001,-0.002529,-0.000000
0.913610,-0.339472,-0.084213,-0.195133,-0.474672,-0.254418,0.006369,-0.725013,0.000000,0.377518,1.922119,-0.203390,0.367326,-0.646342,1.311949,0.071245,0.288726,-0.025620,0.539181,-0.012797,-0.192830,-0.008583,-0.027281,-0.000326,0.000000,0.000000,0.000000,-0.006256,0.000000
0.682414,-0.368509,-0.045053,-0.078057,-0.303524,-0.076341,-0.300332,1.119643,0.000000,0.494868,0.511235,-0.177282,0.347773,-0.639153,1.031018,0.039634,0.243354,-0.184962,0.457603,-0.018871,-0.200935,0.019279,-0.048128,-0.000438,-0.000001,0.000001,0.000001,-0.009824,-0.000000
0.487790,-0.302100,-0.143435,-0.097602,-0.278552,-0.027529,-0.264505,1.754500,0.000000,0.448376,-0.065374,-0.213519,0.362640,-0.656612,0.829017,0.036086,0.165859,-0.067443,0.429273,-0.038527,-0.221896,-0.034532,-0.085285,-0.005086,0.000000,-0.000001,-0.000001,-0.017059,0.000000
0.318062,-0.156188,-0.100629,-0.273750,-0.103613,-0.104012,-0.471191,1.565428,0.000000,0.414300,-0.111789,-0.181402,0.332103,0.005619,0.648121,0.055695,0.082983,0.108936,0.370105,-0.042291,-0.240248,-0.050363,-0.101122,-0.007100,0.000001,-0.000001,-0.000001,-0.021179,0.000000
0.161554,0.053293,0.362100,-0.626477,0.517435,-0.301826,-1.505439,0.938264,-0.000000,0.568914,0.067961,0.049768,0.176335,2.051881,0.430510,0.093557,0.021477,0.126169,0.196018,-0.000693,-0.240532,0.091454,-0.058001,0.000696,-0.000000,0.000001,0.000001,-0.015403,-0.000000
-0.126182,0.151086,0.485366,-0.774749,0.579572,-0.213633,-1.262969,0.368472,0.000000,0.659698,0.071496,0.125853,0.120054,3.136024,0.220092,0.078356,-0.024740,0.090945,0.053304,0.018045,-0.286514,0.160742,-0.084561,0.005172,-0.000000,0.000001,0.000001,-0.012379,-0.000000
-0.401279,0.088286,0.207517,-0.644423,0.051703,0.116482,0.135032,0.140973,0.000000,0.641245,-0.102961,0.008799,0.191408,2.715931,0.122086,0.017695,-0.032559,0.020875,0.013327,0.004552,-0.355208,0.122848,-0.167531,0.004090,-0.000000,0.000000,0.000000,-0.013621,0.000000
-0.488287,0.039309,0.096588,-0.511660,-0.157242,0.212087,0.694564,0.075685,0.000000,0.359368,-0.118762,0.000891,0.192636,2.181503,0.011717,-0.016594,-0.044765,-0.015643,0.000000,0.002447,-0.355402,0.084868,-0.095555,0.002173,-0.000000,0.000000,0.000000,-0.012220,0.000000
-0.475843,-0.033468,0.068399,-0.382994,-0.202497,0.151982,0.651956,0.079945,0.000000,0.062978,-0.048965,0.009152,0.160845,1.611870,-0.043791,-0.016361,-0.022216,-0.002401,0.000000,0.002269,-0.326492,0.053868,-0.002632,0.000466,0.000000,0.000000,0.000000,-0.011378,0.000000
-0.452632,-0.167668,0.038749,-0.264957,-0.239342,0.014994,0.243653,0.061073,0.000000,0.000948,0.033385,-0.059404,0.133153,1.086155,0.022775,0.026551,0.074235,0.076806,0.000000,-0.005443,-0.307885,0.036901,-0.022745,0.000011,0.000000,0.000000,0.000000,-0.014297,0.000000
-0.368917,-0.210619,0.024382,-0.202283,-0.252649,-0.040916,0.016677,0.091525,0.000000,-0.053298,0.082463,-0.072207,0.089830,0.681104,0.090853,0.033413,0.111941,0.136202,0.000000,-0.004564,-0.287780,0.070986,-0.053343,-0.000074,0.000000,0.000000,0.000000,-0.014568,0.000000
-0.266546,-0.140846,0.032480,-0.226304,-0.235762,0.012205,0.084505,0.156073,0.000000,-0.072628,0.073731,-0.022858,0.052537,0.599217,0.126403,0.000793,0.072044,0.146089,0.000000,0.004472,-0.276229,0.139084,-0.079134,0.000256,0.000000,0.000000,0.000000,-0.012054,0.000000
-0.163448,-0.069118,0.064497,-0.256490,-0.231419,0.016930,0.138669,0.203758,0.000000,-0.083768,0.042534,0.014978,-0.002874,0.544611,0.230098,-0.063360,0.034294,0.132762,0.000000,0.004351,-0.259267,0.143874,-0.084403,0.000194,0.000000,0.000000,0.000000,-0.011406,0.000000
-0.091812,-0.033844,0.095526,-0.229212,-0.215491,0.013956,0.173085,0.227397,0.000000,-0.088215,0.029230,0.043184,-0.049588,0.511651,0.324333,-0.106876,0.017728,0.116824,0.000000,0.004165,-0.244606,0.121477,-0.086543,0.000032,0.000000,0.000000,0.000000,-0.010220,0.000000
-0.083828,-0.073445,0.100659,-0.080836,-0.163848,0.043975,0.181659,0.219803,0.000000,-0.087458,0.074172,0.063644,-0.060792,0.494704,0.331495,-0.077584,0.041391,0.118875,0.000000,0.013012,-0.239950,0.108019,-0.102949,0.000062,0.000000,0.000000,0.000000,-0.006091,0.000000
-0.064594,-0.067270,0.087963,0.037196,-0.137161,0.070325,0.134111,0.198733,0.000000,-0.077319,0.098437,0.055154,-0.060717,0.475533,0.334321,-0.036864,0.081675,0.092846,0.000000,0.015700,-0.230014,0.082159,-0.088632,0.000048,0.000000,0.000000,0.000000,-0.004366,0.000000
-0.043724,-0.018394,0.063788,0.065864,-0.148776,0.079833,0.054215,0.174726,0.000000,-0.062871,0.089884,0.021958,-0.049400,0.463731,0.331401,-0.005071,0.118433,0.051753,0.000000,0.010888,-0.219768,0.056830,-0.050750,-0.000005,0.000000,0.000000,0.000000,-0.005907,0.000000
-0.003949,-0.024605,0.048807,-0.119716,-0.187483,0.082003,0.061654,0.204761,0.000000,-0.000238,0.096846,0.031412,-0.049480,0.375892,0.318862,-0.029264,0.083515,0.054688,0.000000,0.008762,-0.218494,0.041014,-0.055537,-0.000003,0.000000,0.000000,0.000000,-0.005875,0.000000
0.039060,-0.036812,0.036857,-0.290962,-0.211603,0.077465,0.077465,0.241675,0.000000,0.056946,0.110561,0.044260,-0.055007,0.289207,0.305107,-0.057660,0.034484,0.071744,0.000000,0.007115,-0.220472,0.026909,-0.070339,0.000008,0.000000,0.000000,0.000000,-0.005708,0.000000
0.069636,-0.005901,0.021774,-0.219286,-0.179454,0.066851,0.022686,0.238295,0.000000,0.055033,0.122231,0.021251,-0.060032,0.280862,0.298532,-0.038470,0.028899,0.073015,0.000000,0.003746,-0.219969,0.006714,-0.062507,-0.000018,0.000000,0.000000,0.000000,-0.006840,0.000000
-0.004515,-0.002867,-0.016328,-0.272432,-0.199616,0.037116,-0.064288,0.225543,0.000000,0.040561,0.085813,-0.029009,-0.066144,0.349966,0.250012,-0.041768,0.071678,0.015564,0.000000,-0.005631,-0.204512,-0.011811,-0.045967,-0.000111,0.000000,0.000000,0.000000,-0.009307,0.000000
-0.146316,-0.029224,-0.058397,-0.423830,-0.262010,0.003128,-0.139969,0.209799,0.000000,0.020772,0.019515,-0.081389,-0.070288,0.461972,0.183808,-0.065899,0.141431,-0.071884,0.000000,-0.016327,-0.181833,-0.019407,-0.028983,-0.000225,-0.000000,0.000000,0.000000,-0.011876,0.000000
-0.121173,-0.030768,-0.069503,-0.472512,-0.275685,0.005006,-0.122593,0.237608,0.000000,0.038666,0.071871,-0.100785,-0.068002,0.419245,0.124299,-0.094271,0.152396,-0.072837,0.000000,-0.024208,-0.168121,-0.039774,-0.042933,-0.000431,0.000000,0.000000,0.000000,-0.014262,0.000000
-0.047837,-0.019050,-0.057587,-0.455512,-0.259753,0.017397,-0.058961,0.268008,0.000000,0.069523,0.145376,-0.097612,-0.060391,0.337203,0.054091,-0.112356,0.134967,-0.035112,0.000000,-0.026618,-0.161245,-0.052041,-0.055689,-0.000419,0.000000,0.000000,0.000000,-0.015137,0.000000
-0.045061,-0.005585,-0.030593,-0.409881,-0.233330,0.014946,0.004119,0.260041,0.000000,0.088632,0.142515,-0.082291,-0.048565,0.331271,-0.044209,-0.105619,0.119551,-0.006531,0.000000,-0.020900,-0.159082,-0.035346,-0.035107,0.000123,0.000000,0.000000,0.000000,-0.013172,0.000000
-0.040965,0.025237,0.008759,-0.325677,-0.193647,0.030001,0.085735,0.233107,0.000000,0.056767,0.123757,-0.048852,-0.058020,0.370550,-0.139038,-0.119056,0.103302,0.030523,0.000000,-0.015834,-0.152063,-0.009507,-0.025672,0.000385,0.000000,0.000000,0.000000,-0.011818,0.000000
-0.037593,0.057989,0.040793,-0.244992,-0.160538,0.055035,0.145081,0.200667,0.000000,-0.010139,0.098485,-0.014012,-0.084025,0.435393,-0.182983,-0.145946,0.094344,0.057522,0.000000,-0.013950,-0.143695,0.012559,-0.032103,0.000236,0.000000,0.000000,0.000000,-0.011752,0.000000
0.021915,0.091290,0.011833,-0.162634,-0.166232,0.023729,0.114701,0.198332,0.000000,-0.016642,0.099760,-0.010805,-0.080876,0.404073,-0.165575,-0.115012,0.086604,0.063312,0.000000,-0.008702,-0.132468,0.004718,-0.028741,0.000191,0.000000,0.000000,0.000000,-0.009153,0.000000
0.084409,0.115126,-0.017269,-0.090698,-0.168865,-0.007505,0.082065,0.203953,0.000000,-0.002134,0.113714,-0.007553,-0.082812,0.350293,-0.127204,-0.066352,0.083564,0.074412,0.000000,-0.000632,-0.101808,-0.001580,-0.005323,0.000171,0.000024,0.000000,0.000000,-0.005340,0.000000
0.096740,0.119478,0.014343,-0.041265,-0.126569,0.017742,0.134638,0.195378,0.000000,-0.005990,0.126493,0.027425,-0.124073,0.347751,-0.108252,-0.040060,0.088704,0.117344,0.000000,0.009720,-0.035137,0.025123,0.048408,0.000093,0.000097,0.000000,0.000000,-0.001632,0.000000
0.091963,0.109655,0.016068,-0.023938,-0.085019,0.015901,0.155446,0.210943,0.000000,0.032592,0.134009,0.031242,-0.113464,0.315025,-0.105390,-0.011657,0.067350,0.143859,0.000000,0.012000,-0.007115,0.025585,0.080204,0.000005,0.000051,0.000000,0.000000,-0.001078,0.000000
0.072464,0.090569,-0.012955,-0.047380,-0.064990,-0.012107,0.134085,0.242866,0.000000,0.094318,0.132495,0.001989,-0.056288,0.268477,-0.120049,0.004657,0.030181,0.140698,0.000000,0.005069,-0.031754,-0.000426,0.074169,-0.000047,-0.000090,0.000000,0.000000,-0.003954,0.000000
0.090079,0.130296,0.001840,-0.037611,-0.031848,0.017684,0.183209,0.249433,0.000000,0.015724,0.136065,0.073390,0.032192,0.331852,-0.133109,-0.015280,0.048797,0.139048,0.000000,0.002842,-0.039195,0.022498,0.052261,-0.000218,-0.000069,0.000000,0.000000,-0.007457,0.000000
0.084968,0.143069,0.019700,-0.024145,-0.009062,0.048650,0.236046,0.257165,0.000000,-0.036043,0.134885,0.128741,0.094414,0.384069,-0.133715,-0.040424,0.075403,0.148056,0.000000,-0.000791,-0.038294,0.042978,0.029662,-0.000535,-0.000002,0.000000,0.000000,-0.010516,-0.000000
-0.002708,0.043136,-0.000124,-0.036493,-0.020102,0.024169,0.225830,0.292594,0.000000,0.106156,0.119126,0.051343,0.072815,0.304061,-0.111016,-0.039728,0.062206,0.176873,0.000000,-0.011939,-0.037915,0.009635,0.021550,-0.001031,-0.000003,0.000000,0.000000,-0.012057,0.000000
-0.034347,0.013667,0.006296,-0.102069,-0.056003,0.023451,0.207705,0.294963,0.000000,0.154096,0.106800,0.001213,0.055473,0.258718,-0.115554,-0.042349,0.018965,0.182710,0.000000,-0.019315,-0.042696,-0.020337,0.009546,-0.001179,-0.000000,0.000000,0.000000,-0.013006,0.000000
0.005870,0.069392,0.035749,-0.188088,-0.098814,0.046854,0.190733,0.263089,0.000000,0.083816,0.104070,0.003412,0.051057,0.270711,-0.145059,-0.046977,-0.032702,0.162648,0.000000,-0.019230,-0.050253,-0.031954,-0.000352,-0.000905,0.000005,-0.000001,-0.000001,-0.012889,0.000000
0.053109,0.175440,0.053272,-0.142726,-0.113568,0.028740,0.153633,0.226014,0.000000,0.114816,0.034827,-0.044045,0.059725,0.263083,-0.136338,0.043291,0.078483,0.171161,0.000000,-0.016895,-0.026396,-0.037599,0.057137,-0.000281,0.000222,-0.000001,0.000000,-0.012935,0.000000
0.068337,0.233611,0.055308,-0.042841,-0.097303,0.010536,0.130168,0.212683,0.000000,0.175989,-0.013447,-0.092509,0.072855,0.242872,-0.116293,0.139698,0.200753,0.170365,0.000000,-0.014551,-0.006467,-0.030503,0.098541,-0.000015,0.000291,0.000000,0.000001,-0.013470,-0.000000
0.012524,0.145695,0.038304,0.034698,-0.047060,0.033670,0.154112,0.252062,0.000000,0.196230,0.046748,-0.093332,0.081828,0.217133,-0.111832,0.153489,0.182351,0.122387,0.000000,-0.014447,-0.025815,-0.003901,0.040397,-0.000816,-0.000149,0.000000,-0.000001,-0.014817,0.000000
-0.045022,0.094724,0.043838,0.061337,-0.020054,0.063594,0.165891,0.233312,0.000000,0.192082,0.036764,-0.066180,0.064321,0.241451,-0.050110,0.195800,0.206169,0.093792,0.000000,-0.008056,-0.029600,0.021812,-0.008884,-0.000684,-0.000291,0.000000,-0.000001,-0.014770,0.000000
-0.075537,0.106189,0.069142,0.023756,-0.029787,0.085348,0.159618,0.165808,0.000000,0.165623,-0.038421,-0.024626,0.029087,0.303668,0.038015,0.245480,0.260296,0.098878,0.000000,0.001429,-0.015934,0.033775,-0.024664,0.000315,-0.000065,0.000000,0.000000,-0.013354,0.000000
0.027552,0.115344,0.127430,0.148463,-0.029223,0.173981,0.154892,0.084177,0.000000,0.221151,-0.023091,-0.014741,-0.018597,0.057526,0.147028,0.269604,0.209677,0.123710,0.000000,0.010499,-0.026023,0.067198,0.009438,0.001677,-0.000002,0.000001,0.000001,-0.011458,0.000000
0.106698,0.111768,0.172338,0.275362,-0.009402,0.243833,0.157158,0.027814,0.000000,0.293982,-0.016844,-0.019900,-0.065219,-0.174199,0.226326,0.283656,0.152782,0.115592,0.000000,0.017205,-0.039816,0.099492,0.045267,0.002302,-0.000012,0.000001,0.000001,-0.010047,-0.000000
0.004332,0.085038,0.157496,0.244348,0.038636,0.209240,0.171860,0.036121,0.000000,0.319433,-0.119287,-0.023475,-0.097263,-0.068712,0.225298,0.303122,0.188088,0.021828,0.000000,0.019585,-0.037274,0.108060,0.034669,0.001088,-0.000005,0.000000,0.000000,-0.010089,-0.000000
-0.100707,0.067356,0.151200,0.241291,0.099915,0.167606,0.226366,0.054532,0.000000,0.302678,-0.221425,-0.004821,-0.115768,-0.014755,0.229607,0.296417,0.216702,-0.048112,0.000000,0.021300,-0.036196,0.108343,0.019357,0.000196,-0.000000,0.000000,0.000000,-0.009819,0.000000
-0.155891,0.067565,0.156599,0.267722,0.143796,0.139751,0.293424,0.073844,0.000000,0.252104,-0.272202,0.026735,-0.111481,-0.039311,0.237101,0.266896,0.224315,-0.059255,0.000000,0.021498,-0.037119,0.100198,0.006986,0.000071,-0.000000,0.000000,0.000000,-0.009371,0.000000
-0.188754,0.040907,0.172984,0.246920,0.146540,0.104634,0.342986,0.082319,0.000000,0.187302,-0.271124,0.009295,-0.124704,-0.022059,0.205855,0.234231,0.190221,0.009114,0.000000,0.012717,-0.038928,0.088787,0.013059,-0.000350,0.000002,0.000000,0.000000,-0.012331,0.000000
-0.175214,0.073335,0.161868,0.269782,0.161558,0.119244,0.367277,0.072322,0.000000,0.141019,-0.300777,-0.068532,-0.169805,0.000667,0.192415,0.167765,0.169490,0.027541,0.000000,-0.007920,-0.035131,0.079411,0.025538,-0.003199,0.000003,0.000000,-0.000001,-0.019835,0.000000
-0.091197,0.250822,0.084774,0.427221,0.242272,0.240578,0.358544,0.036226,0.000000,0.145996,-0.443774,-0.218140,-0.261158,-0.007467,0.253334,0.036842,0.217204,-0.133429,0.000000,-0.043288,-0.019231,0.077379,0.032365,-0.010607,0.000000,0.000000,0.000000,-0.033019,0.000000
-0.047645,0.345981,0.103092,0.534597,0.310916,0.296677,0.384346,-0.010181,0.000000,0.081557,-0.541693,-0.248378,-0.307678,0.026306,0.275855,-0.073099,0.196329,-0.204491,0.000000,-0.061244,-0.020474,0.084862,0.018120,-0.014435,-0.000002,0.000000,0.000001,-0.040353,-0.000000
-0.066328,0.311211,0.207655,0.538205,0.333158,0.259485,0.431764,-0.043696,0.000000,-0.020069,-0.545561,-0.144126,-0.286096,0.085098,0.248706,-0.107089,0.117294,-0.150112,0.000000,-0.052807,-0.038239,0.098109,-0.010073,-0.012769,-0.000002,0.000000,0.000000,-0.038169,-0.000000
-0.068483,0.244322,0.280999,0.557954,0.366722,0.213867,0.479896,-0.070179,0.000000,-0.040680,-0.554317,-0.010656,-0.263335,0.070740,0.278814,-0.096859,0.083892,-0.150248,0.000000,-0.034223,-0.044401,0.098345,-0.043803,-0.007798,-0.000001,0.000000,0.000000,-0.031671,0.000000
-0.075392,0.385317,0.395850,0.752011,0.209912,0.278011,0.621212,0.262241,0.000000,0.042695,-0.562340,0.121322,-0.302877,-0.043659,0.215635,-0.142752,-0.030859,-0.151310,0.000000,-0.024779,-0.049163,0.093904,-0.064290,-0.005657,0.000002,0.000000,-0.000001,-0.029940,0.000000
-0.108331,0.974205,0.624948,1.278566,-0.338979,0.570113,0.948197,1.305459,0.000000,0.253040,-0.564027,0.221101,-0.468212,-0.284999,-0.091376,-0.345106,-0.353950,-0.099714,0.000000,-0.043759,-0.062729,0.093111,-0.052750,-0.012485,0.000006,-0.000001,-0.000001,-0.042057,0.000001
-0.003862,1.261282,0.668618,1.215898,-0.486553,0.626960,0.919445,1.538124,0.000000,0.189704,-0.299931,0.315952,-0.485450,-0.286402,-0.275085,-0.464968,-0.480868,-0.226246,0.000000,-0.053330,-0.077607,0.059110,0.023720,-0.015994,0.000006,-0.000001,-0.000001,-0.048583,0.000001
0.185785,1.103026,0.505029,0.595339,-0.159031,0.420130,0.549330,0.843910,0.000000,-0.115639,0.097919,0.358450,-0.345974,-0.047166,-0.243645,-0.442414,-0.348155,-0.467647,0.000000,-0.048706,-0.086357,0.008902,0.126886,-0.014431,0.000002,0.000000,0.000001,-0.046256,-0.000000
0.220323,1.412910,0.480372,0.450336,0.004392,0.261597,0.459053,0.759701,0.000000,-0.298172,0.798476,0.376489,-0.250702,0.102204,-0.074324,-0.304134,-0.160995,-0.608279,0.000000,-0.036667,-0.071515,-0.028676,0.222111,-0.011177,0.000016,0.000000,0.000001,-0.039880,0.000000
0.240642,1.850280,0.537422,0.465566,0.055334,0.238722,0.375061,0.942169,-0.000000,-0.340849,1.466608,0.400883,-0.206982,0.131011,0.226120,-0.148346,-0.068635,-0.692804,0.000000,-0.021006,-0.065656,-0.063357,0.289124,-0.006603,0.000031,0.000000,0.000000,-0.032831,0.000002
0.387633,2.074495,0.618966,0.325744,0.045407,0.438868,0.023844,1.048006,0.000000,-0.226605,1.767159,0.462452,-0.222173,0.008560,0.650886,-0.073291,-0.220327,-0.765887,0.000000,-0.005518,-0.101352,-0.104865,0.307673,-0.001078,0.000033,-0.000001,0.000000,-0.028488,0.000005
0.367652,2.042118,0.669101,0.228527,0.121155,0.630697,-0.253220,1.427973,0.000000,-0.121784,2.436930,0.502599,-0.218213,-0.068842,1.047984,-0.135005,-0.355172,-0.800935,0.000000,-0.008653,-0.148742,-0.123510,0.410628,-0.000910,-0.000000,-0.000001,0.000000,-0.029900,0.000002
0.190695,1.769325,0.662755,0.222518,0.244698,0.718287,-0.317604,1.892057,0.000000,-0.078797,3.140998,0.501248,-0.197080,-0.062497,1.218858,-0.302619,-0.405744,-0.780416,0.000000,-0.028844,-0.184128,-0.109968,0.546497,-0.006182,-0.000052,0.000001,0.000000,-0.036361,-0.000005
0.058319,3.126538,0.448191,0.047521,0.182550,0.418474,-0.118748,1.825622,0.000000,0.034082,1.893109,0.435915,-0.245174,-0.085681,1.426167,-0.231463,-0.310498,-0.710946,0.000000,-0.035736,-0.155303,-0.119197,0.403929,-0.008744,-0.000034,0.000001,0.000000,-0.039901,-0.000004
0.069039,4.815140,0.199074,-0.151649,0.070926,0.128285,0.057792,1.571178,0.000000,0.077105,0.114447,0.370916,-0.262736,-0.120994,1.510002,-0.103989,-0.200887,-0.557924,0.000000,-0.032115,-0.123461,-0.068650,0.230834,-0.008489,-0.000000,0.000000,0.000000,-0.040682,-0.000000
0.321373,5.536640,0.089050,-0.230187,0.046030,0.244729,-0.073528,1.471211,0.000000,-0.089478,-0.773937,0.370564,-0.150009,-0.151039,1.310461,-0.102648,-0.208350,-0.286736,0.000000,-0.020771,-0.149792,0.124225,0.275105,-0.005313,-0.000004,0.000001,0.000001,-0.038870,-0.000001
0.699532,5.496413,-0.140966,-0.463349,0.086287,0.326050,-0.289502,1.067729,0.000000,-0.235742,-1.304668,0.501309,0.019968,-0.231118,1.090272,-0.182658,-0.183959,-0.174274,0.000000,-0.004257,-0.164083,0.202346,0.311136,-0.000435,-0.000004,0.000001,0.000001,-0.030779,-0.000000
1.014447,4.714569,-0.375976,-0.734563,0.171570,0.331590,-0.482153,0.562461,0.000000,-0.288564,-1.212394,0.697786,0.162215,-0.321195,0.959520,-0.304021,-0.139911,-0.276764,0.000000,0.009169,-0.159186,0.126657,0.320914,0.003705,0.000000,-0.000001,0.000000,-0.020454,0.000000
1.049858,4.266164,-0.316083,-0.830446,0.357334,0.042498,-0.756230,-0.023379,0.000000,-0.196081,-1.354480,0.360568,0.465542,-0.312008,0.861822,-0.143316,0.003342,-0.322936,0.000000,-0.016409,-0.206180,-0.064039,0.366440,0.001704,0.000000,-0.000005,-0.000001,-0.018112,0.000000
1.008841,3.966683,-0.159061,-0.853575,0.437943,-0.240832,-1.022320,-0.486279,0.000000,-0.120419,-1.526839,-0.037817,0.764232,-0.249181,0.738632,0.039928,0.102873,-0.316316,0.000000,-0.042674,-0.268005,-0.226155,0.432566,0.000722,-0.000001,-0.000006,-0.000001,-0.016040,0.000000
1.094474,3.631638,-0.102693,-0.906524,0.207749,-0.217988,-1.190989,-0.622679,-0.000000,-0.223726,-1.525342,-0.024820,0.892547,-0.178339,0.531410,-0.013845,0.015743,-0.260425,0.000000,-0.031301,-0.307599,-0.216085,0.504142,0.007917,-0.000001,0.000001,0.000001,-0.006529,-0.000000
1.092356,3.188463,-0.169364,-0.978007,0.133605,-0.140434,-1.390195,-0.833402,0.000000,-0.216061,-1.454407,0.008633,0.953853,-0.169503,0.458660,-0.075291,0.013180,-0.125716,0.000000,-0.009841,-0.311878,-0.179332,0.492692,0.018406,-0.000001,0.000004,0.000001,0.009389,-0.000000
1.003560,2.858819,-0.325756,-1.032279,0.252597,-0.046948,-1.520343,-1.013120,0.000000,-0.101244,-1.349545,0.045808,0.917515,-0.227096,0.556778,-0.113682,0.096478,0.020454,0.000000,0.010976,-0.278710,-0.134283,0.403947,0.026945,0.000000,-0.000002,-0.000001,0.023755,0.000000
0.672272,2.355653,-0.597222,0.000399,0.203177,-0.019019,-0.575975,-1.508237,0.000000,-0.149399,-1.124620,-0.217453,0.876391,-0.057662,0.587635,0.107808,0.315022,-0.080256,0.000000,0.030982,-0.234967,-0.282216,0.381631,0.036430,0.000000,-0.041402,-0.000001,0.046241,0.000000
0.418566,1.866421,-0.710871,0.748219,0.044284,-0.053198,0.104395,-1.667323,-0.000000,-0.174320,-0.870287,-0.463498,0.673685,0.060073,0.619018,0.265005,0.381614,-0.177671,0.000000,0.045827,-0.178823,-0.408015,0.314477,0.035958,-0.000000,-0.071261,-0.002898,0.065159,0.000000
0.562488,1.578507,-0.393836,-0.160558,-0.165119,-0.146024,-0.817671,-0.838985,0.000000,0.010210,-0.677198,-0.374672,0.152619,-0.152601,0.718698,0.033744,0.009081,-0.021619,0.000000,0.051163,-0.108454,-0.296560,0.091237,0.014628,0.000000,-0.036646,-0.011592,0.068821,0.000000
0.766157,1.356149,-0.212937,-0.679288,-0.326179,-0.171922,-1.292329,-0.268928,0.000000,-0.067508,-0.595450,-0.285921,-0.034526,-0.155282,0.804602,0.113328,-0.273243,0.212988,0.000000,0.091028,-0.103574,-0.253975,0.006413,0.000272,0.000000,-0.019061,-0.005796,0.083455,0.000000
0.927733,1.310532,-0.258621,-0.548611,-0.358363,-0.117944,-1.082257,-0.242182,0.000000,-0.368601,-0.665915,-0.241622,0.205814,0.053363,0.833777,0.463952,-0.324196,0.408839,0.000000,0.145485,-0.166620,-0.301549,0.102410,0.000069,-0.000001,-0.027297,0.011592,0.101744,-0.000001
0.656927,0.852641,-0.312207,-0.744631,-0.437947,-0.213751,-1.028410,-0.053343,0.000000,-0.189626,-0.438827,-0.268746,0.404887,-0.000075,0.824948,0.388990,-0.255626,0.347203,0.000000,0.134528,-0.209127,-0.189313,0.167593,0.000000,-0.000000,0.004083,0.008694,0.094962,-0.000000
0.271903,0.352798,-0.350892,-0.975965,-0.615985,-0.353169,-0.952463,0.013813,0.000000,0.093824,-0.114584,-0.308473,0.508651,-0.110054,0.599276,0.145152,-0.190866,0.300587,0.000000,0.098571,-0.226651,-0.066197,0.172082,-0.000000,0.000000,0.035915,-0.000010,0.079759,0.000000
0.090796,0.181282,-0.351878,-0.951245,-0.943543,-0.430032,-0.676089,-0.324488,0.000000,0.106198,0.106430,-0.301985,0.463073,-0.071040,-0.022092,-0.010869,-0.253245,0.541492,0.000000,0.078028,-0.214756,-0.081107,0.085995,-0.000001,0.000000,0.029038,-0.000039,0.072780,0.000000
0.144018,0.008729,-0.305583,-0.910470,-0.551278,-0.541538,-0.528105,-0.866207,0.000000,0.042212,0.632155,-0.228212,0.493238,-0.070155,0.137398,-0.208583,-0.163355,0.552436,0.000000,0.068155,-0.201902,-0.031644,0.043786,-0.000001,0.000000,0.037552,-0.000020,0.068740,0.000000
0.404963,-0.078587,-0.235153,-0.874025,0.364695,-0.631938,-0.582497,-1.340507,0.000000,-0.066149,1.199746,-0.124041,0.584063,-0.107843,0.998006,-0.349142,0.033861,0.327949,0.000000,0.073883,-0.194511,0.057462,0.066561,-0.000000,0.000000,0.057199,0.000037,0.069660,0.000000
0.054871,-0.251640,-0.173861,-0.739739,0.058766,-0.593849,-0.377926,-0.735643,0.000000,0.110394,0.970477,-0.005919,0.393765,-0.209314,0.718324,-0.604415,0.003481,0.095928,0.000000,0.089346,-0.155392,0.010276,0.087941,0.000000,0.000000,0.031878,0.000029,0.081456,0.000000
-0.311594,-0.447176,-0.115479,-0.535666,-0.377336,-0.528518,-0.137655,-0.196285,0.000000,0.228506,0.620365,0.100632,0.165877,-0.284555,0.328857,-0.702785,-0.070474,-0.063139,0.000000,0.121480,-0.115877,-0.069153,0.089177,0.000001,0.000000,0.000007,0.000001,0.098883,0.000000
-0.099735,-0.601943,-0.053784,-0.289872,0.148151,-0.537201,-0.084960,-0.867162,0.000000,-0.055182,0.825453,0.170083,0.143950,-0.243547,0.860149,-0.372612,-0.003973,-0.068747,0.000000,0.177224,-0.107279,-0.076777,0.051525,-0.000000,0.000002,0.000002,-0.000003,0.116695,0.000001
-0.112027,-0.666666,-0.087939,-0.140653,0.325416,-0.446145,0.014353,-0.803039,0.000000,-0.090426,0.786912,0.295943,0.099892,-0.262340,0.835882,-0.233278,-0.032543,-0.010205,0.000000,0.224808,-0.084871,-0.003546,-0.059962,0.000000,0.000001,-0.000001,-0.012749,0.093096,0.000001
-0.342336,-0.609000,-0.200872,-0.162632,0.065814,-0.300891,0.110626,-0.035973,0.000000,0.140417,0.524044,0.415291,0.055736,-0.331547,0.268196,-0.354469,-0.141904,0.083215,0.000000,0.240441,-0.059867,0.113928,-0.189537,0.000001,-0.000001,0.000001,-0.031864,0.039886,-0.000001
-0.399339,-0.654948,-0.143525,-0.054243,0.085741,-0.202541,0.162446,0.246102,0.000000,0.177097,0.502431,0.443594,-0.033383,-0.313342,0.010640,-0.368702,-0.164108,0.047297,0.000000,0.254753,-0.030357,0.141633,-0.160846,0.000000,0.000046,0.000001,-0.011989,0.011075,0.000004
-0.414175,-0.698122,-0.087123,0.048086,0.203922,-0.141044,0.141243,0.228812,0.000000,0.133365,0.547606,0.399651,-0.094014,-0.232085,-0.051862,-0.312257,-0.102821,-0.019432,0.000000,0.262296,-0.004321,0.126144,-0.103766,-0.000000,0.000142,-0.000001,0.006121,-0.000000,0.000020
-0.517988,-0.632149,-0.202900,0.007914,0.239081,-0.106360,0.018444,0.097764,0.000000,0.122976,0.485122,0.302261,-0.052702,-0.112138,-0.034367,-0.221409,0.038293,-0.018439,0.000000,0.257616,0.010255,0.114048,-0.148168,0.000000,0.000289,0.000000,-0.018289,0.000000,0.000052
-0.423464,-0.537232,-0.233731,0.027385,0.214467,-0.091148,-0.007469,0.052751,0.000000,0.106043,0.430685,0.284077,-0.044704,-0.125601,-0.006413,-0.169130,0.046122,-0.029270,0.000000,0.262135,0.019881,0.087914,-0.158286,0.000000,0.000441,0.000000,-0.026376,0.000000,0.000031
-0.177874,-0.460833,-0.164199,0.096760,0.142388,-0.103015,0.076462,0.116282,0.000000,0.091034,0.411516,0.354192,-0.074020,-0.265741,0.018022,-0.181560,-0.083245,-0.046508,0.000000,0.273593,0.019741,0.060812,-0.129062,0.000000,0.000522,0.000001,-0.014094,0.000000,-0.000033
-0.161040,-0.456299,-0.092187,0.178193,0.148575,-0.073983,0.108523,0.106249,0.000000,0.058091,0.369155,0.282171,-0.071067,-0.301601,0.013699,-0.207862,-0.154749,-0.013926,-0.107364,0.235967,0.011823,0.055522,-0.119707,0.000000,-0.000212,0.000001,-0.011961,0.000000,-0.000041
-0.233638,-0.485153,-0.025309,0.235799,0.191116,-0.037026,0.099314,0.074201,0.000000,0.058496,0.378942,0.174842,-0.046251,-0.302528,-0.029314,-0.224866,-0.197200,-0.002699,-0.221120,0.189447,-0.003082,0.053224,-0.118616,-0.000001,-0.000801,-0.000002,-0.011612,-0.000000,-0.000019
-0.256366,-0.508927,0.028826,0.233697,0.228109,-0.025118,0.059431,0.071687,0.000000,0.143564,0.516200,0.139030,-0.009977,-0.337871,-0.120946,-0.209403,-0.239414,-0.084004,-0.240298,0.174221,-0.024176,0.035101,-0.114194,-0.000002,-0.000282,-0.000007,-0.004685,-0.000001,0.000004
-0.404687,-0.575852,0.071136,0.189389,0.154054,-0.087715,0.100770,0.126439,0.000000,0.196081,0.620186,0.341871,0.050050,-0.256587,-0.165526,-0.265849,-0.249092,-0.067033,-0.199138,0.195241,-0.036168,-0.035083,-0.094792,-0.000001,0.000003,-0.000005,0.001755,-0.000001,0.000006
-0.604431,-0.652458,0.080468,0.125026,0.005975,-0.193515,0.202660,0.211075,0.000000,0.189793,0.638908,0.681937,0.103816,-0.099317,-0.140761,-0.365970,-0.221390,0.039728,-0.118219,0.241989,-0.033066,-0.122237,-0.070113,0.000002,-0.000088,0.000004,0.004485,0.000001,-0.000015
-0.512993,-0.621219,0.057529,0.153368,-0.064206,-0.175307,0.174733,0.154016,0.000000,0.156057,0.555420,0.763570,0.097609,-0.136209,-0.088626,-0.270288,-0.194460,0.036679,-0.238455,0.265133,-0.021282,-0.069636,-0.060350,0.000002,-0.000020,0.000006,0.007142,0.000001,-0.000009
-0.323707,-0.557379,0.013480,0.249660,-0.076671,-0.113111,0.166494,0.107450,-0.000000,0.132245,0.449461,0.602248,0.026597,-0.266187,-0.028839,-0.090714,-0.163257,0.049675,-0.353487,0.251117,-0.001708,-0.010416,-0.072035,0.000000,0.000588,-0.005665,0.004236,0.000000,0.000034
-0.229892,-0.536156,-0.040521,0.389140,-0.051597,-0.086937,0.327428,0.223551,0.000000,0.155723,0.400764,0.213442,-0.114044,-0.388172,0.018883,0.060847,-0.122730,0.204554,-0.256961,0.186375,0.024763,-0.077716,-0.111699,0.000000,0.002112,-0.022672,-0.009723,0.000000,0.000128
-0.196165,-0.527425,-0.060710,0.467040,0.011186,-0.054267,0.381514,0.254441,0.000000,0.152957,0.361544,-0.101551,-0.286290,-0.420379,0.061838,0.145312,-0.130600,0.271743,-0.191361,0.127634,0.057516,-0.096694,-0.165018,-0.000001,0.006268,-0.028864,-0.027566,-0.000000,0.003489
-0.239393,-0.535572,-0.036995,0.444424,0.080286,-0.031437,0.301723,0.184684,0.000000,0.125355,0.351429,-0.185234,-0.404022,-0.346719,0.078548,0.120452,-0.182931,0.217657,-0.189494,0.104269,0.080174,-0.057864,-0.205338,-0.000002,0.010979,-0.021149,-0.040372,-0.000001,0.008435
-0.263044,-0.510542,-0.025668,0.413341,0.134893,-0.019328,0.223745,0.142439,0.000000,0.183588,0.417310,-0.208064,-0.416066,-0.321744,0.031630,0.073169,-0.130354,0.120434,-0.148502,0.089914,0.087127,-0.034812,-0.161108,-0.000000,0.014224,-0.009673,-0.024374,-0.000000,0.010782
-0.191677,-0.452144,0.005658,0.422182,0.223232,0.012471,0.128865,0.077388,-0.000000,0.250715,0.465268,-0.187816,-0.380315,-0.360435,-0.016087,0.051582,-0.033891,-0.019923,-0.136916,0.086552,0.087053,-0.018641,-0.090858,0.000001,0.016408,0.003342,0.002243,0.000000,0.011204
0.050132,-0.360189,0.089361,0.519331,0.393506,0.094360,-0.001611,-0.060763,0.000000,0.249791,0.401396,-0.142259,-0.354649,-0.477776,-0.001774,0.103806,0.045428,-0.203390,-0.223263,0.096174,0.088629,-0.000459,-0.053120,-0.000000,0.017942,0.015672,0.021291,0.000000,0.010373
0.105926,-0.330691,0.131132,0.593055,0.507193,0.149919,-0.082781,-0.169100,0.000000,0.203145,0.312877,-0.138185,-0.342500,-0.470797,0.053203,0.149363,0.088565,-0.308473,-0.239339,0.095931,0.088382,-0.001693,-0.016791,-0.000001,0.019162,0.023546,0.036024,-0.000000,0.010429
-0.052181,-0.378396,0.110085,0.606490,0.507451,0.151367,-0.074061,-0.193452,0.000000,0.134099,0.243986,-0.177629,-0.349943,-0.342990,0.121353,0.165476,0.073953,-0.282631,-0.177108,0.085942,0.086433,-0.021726,-0.000039,-0.000001,0.019457,0.023028,0.039078,-0.000001,0.011343
-0.190994,-0.329825,0.022215,0.516106,0.281702,0.092546,0.027873,-0.096638,0.000000,0.090742,0.260955,-0.198411,-0.329285,-0.182816,0.035831,0.099380,-0.001168,-0.211560,-0.108434,0.072834,0.066435,-0.010395,-0.012532,0.000000,0.011613,0.014729,0.039744,-0.000000,0.000390
-0.269590,-0.275804,-0.067528,0.407562,0.055011,0.027331,0.102599,-0.006930,0.000000,0.083655,0.297755,-0.211931,-0.295883,-0.057971,-0.057549,0.045356,-0.054915,-0.187825,-0.072444,0.068602,0.047961,0.003520,-0.025743,0.000000,0.004249,0.005503,0.036582,0.000000,-0.010346
-0.247040,-0.307149,-0.094197,0.366510,0.052423,0.009593,0.029698,-0.052592,0.000000,0.123417,0.288379,-0.229589,-0.265094,-0.036137,-0.012982,0.097679,-0.005411,-0.303986,-0.108260,0.085242,0.050592,-0.008756,-0.011155,0.000001,0.005982,0.002203,0.028160,0.000000,-0.008777
-0.215015,-0.257532,-0.101465,0.321038,0.085497,0.022196,-0.114063,-0.186517,0.000000,0.081658,0.218856,-0.202454,-0.182237,0.067457,0.023400,0.131971,0.101282,-0.516656,-0.158219,0.097361,0.051147,-0.014070,0.016150,0.000001,0.008125,0.000001,0.015032,0.000000,-0.005610
-0.189528,-0.151759,-0.085699,0.293881,0.137697,0.058839,-0.256809,-0.341749,0.000000,-0.020742,0.123954,-0.144094,-0.088739,0.201015,0.033406,0.131086,0.211820,-0.719507,-0.197345,0.098900,0.049344,-0.009760,0.042519,0.000000,0.009605,0.000000,0.003762,0.000000,-0.002429
-0.114472,-0.053850,-0.056767,0.318307,0.158439,0.059744,-0.296550,-0.380458,0.000000,-0.013584,0.119054,-0.172174,-0.152444,0.149217,-0.036304,0.130175,0.231132,-0.814695,-0.189059,0.088814,0.069973,-0.042090,0.004292,0.000000,0.014334,-0.000002,-0.000002,-0.000000,0.005192
-0.021780,0.025997,-0.015908,0.364564,0.155366,0.066329,-0.279523,-0.367156,0.000000,0.012517,0.120366,-0.204597,-0.209445,0.051605,-0.090589,0.112329,0.248629,-0.841629,-0.175362,0.072350,0.086561,-0.051197,-0.038156,-0.000007,0.017241,-0.000003,-0.000008,-0.000003,0.009031
0.056618,0.077574,0.035637,0.402896,0.136121,0.120011,-0.251963,-0.366350,-0.000000,-0.033027,0.044107,-0.159266,-0.095826,0.047732,-0.034303,0.060633,0.353716,-0.839712,-0.198258,0.054762,0.072643,0.022790,-0.024444,-0.000025,0.013257,-0.000001,-0.000001,-0.000011,0.000865
0.209388,0.204872,0.078973,0.452328,0.163391,0.121014,-0.240669,-0.397042,0.000000,-0.116140,-0.058454,-0.122946,-0.052210,0.079669,0.021248,-0.019416,0.514150,-0.831393,-0.249406,0.037090,0.079495,0.083470,0.028095,-0.000012,0.017150,0.000002,0.000004,-0.000005,0.004752
0.360140,0.344241,0.092430,0.488141,0.223542,0.068836,-0.251288,-0.443885,0.000000,-0.195265,-0.136030,-0.113798,-0.100409,0.131445,0.048283,-0.087792,0.649711,-0.820832,-0.303232,0.028169,0.103688,0.100499,0.093186,0.000025,0.026974,0.000005,0.000007,0.000011,0.018751
0.483526,0.470954,0.051792,0.465388,0.247089,0.041624,-0.284984,-0.485350,0.000000,-0.235319,-0.213230,-0.094222,-0.009651,0.149091,0.032891,-0.133534,0.761203,-0.758887,-0.202973,0.014135,0.105670,0.100094,0.111121,0.000017,0.029783,0.000002,0.000004,0.000007,0.025697
0.568841,0.559431,0.023407,0.456075,0.279657,0.045148,-0.289109,-0.500555,0.000000,-0.277287,-0.270867,-0.109860,0.064292,0.192042,0.021522,-0.234276,0.855914,-0.649562,-0.071015,-0.008316,0.108121,0.135991,0.095129,-0.000835,0.031088,-0.000001,-0.000001,-0.001706,0.031092
0.605379,0.584087,0.073624,0.532195,0.366867,0.085172,-0.211000,-0.468603,0.000000,-0.362152,-0.289738,-0.206357,-0.034361,0.319736,0.060621,-0.467658,0.941114,-0.496825,-0.029737,-0.042500,0.133726,0.261921,0.058451,-0.003330,0.036398,0.000001,-0.000001,-0.006820,0.040435
0.637744,0.659560,0.098316,0.557713,0.415654,0.134568,-0.190340,-0.470538,0.000000,-0.362772,-0.293946,-0.303786,-0.050037,0.360502,0.067028,-0.639731,0.988592,-0.263331,-0.012219,-0.082427,0.137003,0.316581,0.048429,-0.010953,0.036335,0.000000,-0.000123,-0.018146,0.043968
0.649746,0.748108,0.085135,0.519863,0.401618,0.168635,-0.237457,-0.505386,0.000000,-0.278825,-0.281394,-0.353423,0.025104,0.293950,0.037541,-0.664447,0.974599,-0.065831,-0.027217,-0.108133,0.116310,0.272641,0.070059,-0.019893,0.030932,-0.000001,-0.000303,-0.030020,0.039923
0.618859,0.747404,0.105603,0.509191,0.432343,0.216568,-0.283317,-0.545450,0.000000,-0.271255,-0.281179,-0.390465,0.011653,0.287207,-0.006798,-0.847967,0.949195,0.000000,-0.105174,-0.117315,0.111270,0.393414,0.089937,-0.021264,0.030451,0.000000,-0.000072,-0.031270,0.042536
0.566716,0.689918,0.113453,0.478210,0.450568,0.253876,-0.317962,-0.562188,0.000000,-0.276542,-0.277597,-0.396771,-0.031191,0.266168,-0.035000,-1.025613,0.957055,0.000000,-0.182364,-0.115994,0.112656,0.526759,0.105929,-0.019265,0.030882,0.000001,0.000204,-0.027954,0.044838
0.514954,0.608136,0.062416,0.379439,0.399040,0.256072,-0.331440,-0.527069,0.000000,-0.231147,-0.254947,-0.354199,-0.044235,0.156730,-0.016075,-1.032724,1.042861,0.000000,-0.195068,-0.110203,0.111236,0.520539,0.115892,-0.018094,0.028213,0.000000,0.000156,-0.026129,0.039861
0.319175,0.469446,-0.026975,0.246717,0.241240,0.185848,-0.331756,-0.479044,0.000000,-0.169200,-0.210506,-0.340148,-0.046747,0.121004,-0.017824,-1.135083,1.112027,0.000000,-0.206098,-0.122179,0.109158,0.479886,0.130701,-0.023391,0.026456,-0.000001,-0.000062,-0.032461,0.038512
0.077263,0.343178,-0.110022,0.146397,0.056061,0.078312,-0.318743,-0.442111,0.000000,-0.121683,-0.166482,-0.361632,-0.037470,0.176844,-0.039371,-1.281475,1.129943,0.000000,-0.209934,-0.145926,0.107458,0.425115,0.142947,-0.032507,0.026487,0.000000,-0.000337,-0.043781,0.041464
0.047062,0.302060,-0.085994,0.114572,-0.072205,0.052500,-0.305766,-0.422126,0.000000,-0.109941,-0.181490,-0.250727,0.078822,0.136951,-0.033163,-1.271055,1.032038,0.000000,-0.263527,-0.135966,0.083761,0.354761,0.122654,-0.030085,0.020307,-0.000001,-0.010863,-0.038833,0.037255
0.100127,0.257975,-0.004686,0.118092,-0.145203,0.051749,-0.258359,-0.368987,-0.000000,-0.091243,-0.170630,-0.128016,0.186720,0.045069,-0.028397,-1.252592,0.937013,0.000000,-0.330948,-0.122076,0.051425,0.310621,0.178599,-0.026753,0.012551,-0.000001,-0.014123,-0.033011,0.029514
0.108001,0.122808,0.084103,0.123807,-0.164566,0.019396,-0.142057,-0.232586,0.000000,-0.022858,-0.048983,-0.114073,0.170813,-0.055059,-0.054266,-1.374792,0.963530,0.000000,-0.376255,-0.134021,0.023800,0.334483,0.419524,-0.033133,0.007856,0.000001,0.007400,-0.041710,0.021874
0.095384,0.059398,0.100441,0.066905,-0.168783,0.000821,-0.115728,-0.174192,0.000000,0.005180,0.028080,-0.069249,0.174354,-0.069937,-0.078904,-1.375692,0.960970,0.000000,-0.358705,-0.133316,0.004146,0.314224,0.518525,-0.035694,0.001629,0.000001,0.014499,-0.045297,0.013972
0.068587,0.099446,0.036161,-0.024162,-0.155745,0.005309,-0.192531,-0.223000,0.000000,-0.021160,0.022024,-0.015955,0.195573,0.007873,-0.089994,-1.254851,0.930617,0.000000,-0.287077,-0.120319,0.002292,0.259969,0.426105,-0.033155,-0.003016,-0.000001,0.003625,-0.041980,0.009760
-0.005007,0.032942,0.006141,-0.037067,-0.113827,0.004856,-0.203059,-0.235429,0.000000,-0.053382,-0.021380,0.069679,0.226674,0.066897,-0.022948,-1.399568,1.076585,0.000000,-0.276911,-0.126275,0.018400,0.232562,0.374830,-0.038203,0.002172,-0.000003,-0.000004,-0.048715,0.020163
-0.108302,-0.089569,-0.017091,-0.024551,-0.070955,0.001823,-0.196663,-0.230337,-0.000000,-0.040370,-0.023121,0.132033,0.234079,0.086414,0.032838,-1.566422,1.231099,0.000000,-0.282265,-0.130947,0.036690,0.238797,0.336224,-0.040728,0.008336,-0.000003,-0.000563,-0.052253,0.031169
-0.224197,-0.217533,-0.060999,-0.039353,-0.055047,-0.001424,-0.222681,-0.226566,0.000000,0.068963,0.095803,0.115490,0.184206,0.045703,-0.012024,-1.511930,1.226330,0.000000,-0.257183,-0.114097,0.041381,0.285438,0.281787,-0.030619,0.006616,0.000002,-0.002231,-0.039342,0.028763
-0.247625,-0.248322,-0.090266,-0.015341,-0.031975,0.017255,-0.166544,-0.162610,0.000000,0.115764,0.140977,0.120777,0.154863,0.007044,-0.036636,-1.437138,1.169450,0.000000,-0.185805,-0.099665,0.042373,0.279835,0.214472,-0.023317,0.004261,0.000002,-0.017778,-0.029513,0.027573
-0.166872,-0.166543,-0.090258,0.035479,-0.013274,0.048519,-0.056323,-0.070451,0.000000,0.076634,0.089812,0.145249,0.160721,-0.010233,-0.028696,-1.379445,1.088901,0.000000,-0.103821,-0.094873,0.039171,0.224796,0.167936,-0.022474,0.002449,-0.000002,-0.039428,-0.027679,0.028194
-0.135350,-0.146025,-0.086414,0.050694,-0.017839,0.030632,-0.033491,-0.054313,0.000000,0.075758,0.082457,0.224804,0.158560,-0.022965,-0.021605,-1.153048,1.007779,0.000000,-0.103123,-0.052428,0.038621,0.173333,0.117877,0.005622,0.002071,-0.000030,-0.055593,0.010931,0.028510
-0.131576,-0.158061,-0.078779,0.053229,-0.019876,-0.000051,-0.052094,-0.072468,0.000000,0.089204,0.101531,0.268473,0.138493,-0.027083,-0.019416,-0.942451,0.942037,0.000000,-0.120650,-0.013392,0.039771,0.133806,0.081566,0.033481,0.002353,-0.000675,-0.065668,0.049159,0.028893
-0.134067,-0.173943,-0.067396,0.066007,0.006407,-0.007173,-0.066176,-0.083192,0.000000,0.093031,0.129634,0.185288,0.090633,-0.018515,-0.026183,-0.932143,0.907621,0.000000,-0.093342,-0.018832,0.041665,0.114575,0.076261,0.033615,0.002522,-0.002531,-0.069045,0.049851,0.029712
-0.146446,-0.201726,-0.041199,0.078889,0.019505,-0.012480,-0.084270,-0.101580,0.000000,0.093728,0.140095,0.064161,0.052003,-0.011539,-0.015879,-0.868782,0.876280,0.000000,-0.067425,-0.024615,0.039282,0.069621,0.074729,0.034019,-0.000224,-0.016607,-0.067701,0.051354,0.025784
-0.162520,-0.227518,-0.013286,0.085435,0.012870,-0.013318,-0.097330,-0.118439,0.000000,0.090939,0.127697,-0.034349,0.041915,-0.009642,0.006342,-0.784044,0.863684,0.000000,-0.055856,-0.027849,0.033817,0.021416,0.077733,0.034491,-0.004511,-0.035864,-0.062310,0.052918,0.019072
-0.108843,-0.151822,0.008880,0.033543,-0.024537,-0.017220,-0.119204,-0.128906,0.000000,0.050217,0.044012,-0.036113,0.056671,0.009970,0.083663,-0.662087,0.685925,0.000000,0.006245,-0.021674,0.021543,0.002605,0.034273,0.035230,-0.008880,-0.043386,-0.075878,0.054322,0.014030
-0.067163,-0.078303,0.019309,-0.013375,-0.054814,-0.022151,-0.137985,-0.139100,0.000000,0.006837,-0.030321,-0.026777,0.066654,0.041629,0.140716,-0.544766,0.486855,0.000000,0.063934,-0.015928,0.009808,-0.012767,-0.015774,0.034641,-0.012477,-0.048669,-0.093012,0.053698,0.010471
-0.119235,-0.110635,0.012006,0.008092,-0.040059,-0.026074,-0.141770,-0.155140,-0.000000,-0.003946,-0.014621,-0.091986,0.042247,0.079671,0.102126,-0.473946,0.410338,0.000000,0.062260,-0.020450,0.005963,-0.050667,-0.032538,0.031126,-0.014446,-0.061207,-0.098317,0.049176,0.008205
-0.106171,-0.094360,0.012206,0.026160,-0.017924,-0.033081,-0.153864,-0.169838,0.000000,-0.004023,-0.006503,-0.101131,0.025313,0.134326,0.132477,-0.366354,0.318549,0.000065,0.105516,-0.015694,0.000344,-0.063795,-0.034970,0.030628,-0.016149,-0.064703,-0.097270,0.048599,0.005587
-0.034502,-0.037609,0.019810,0.031793,0.000523,-0.039667,-0.168220,-0.175843,0.000000,0.006646,-0.010037,-0.049637,0.024318,0.178264,0.216597,-0.275789,0.257388,0.000162,0.172073,-0.004034,-0.004241,-0.045586,-0.021851,0.033396,-0.016734,-0.057407,-0.090395,0.052255,0.003926
-0.032470,-0.002548,0.005941,0.029857,0.015571,-0.014652,-0.147952,-0.155591,0.000000,-0.011015,-0.036585,-0.028197,0.007380,0.222186,0.292095,-0.189953,0.185552,0.020679,0.230268,0.005221,-0.009674,-0.031012,-0.029495,0.035821,-0.019288,-0.050099,-0.090261,0.055286,-0.000025
-0.056243,-0.047605,0.003304,0.055642,0.062164,0.013543,-0.119215,-0.139789,0.000000,-0.042415,-0.073594,-0.021499,-0.014903,0.263799,0.352994,-0.109824,0.132947,0.050695,0.259471,0.012584,-0.011967,-0.029996,-0.034204,0.037937,-0.020225,-0.049696,-0.092421,0.049828,-0.000881
-0.061995,-0.231224,0.044607,0.144445,0.175259,0.016500,-0.108159,-0.159148,-0.000000,-0.072956,-0.108510,-0.014225,-0.031934,0.300812,0.393325,-0.036368,0.129476,0.079290,0.239056,0.018576,-0.007135,-0.052461,-0.012276,0.039778,-0.015962,-0.063118,-0.092426,0.028015,0.006748
-0.084035,-0.271162,0.067796,0.165305,0.190301,0.065092,-0.066922,-0.155106,0.000000,-0.033402,-0.107569,0.010757,0.018113,0.294219,0.419161,-0.003531,0.247764,0.098936,0.247169,0.023077,-0.006960,-0.053692,0.053832,0.029285,-0.013884,-0.064450,-0.073057,0.008982,0.009290
-0.111343,-0.147432,0.061272,0.107786,0.099762,0.135024,-0.016118,-0.129681,0.000000,0.056463,-0.071251,0.040957,0.110217,0.247307,0.417577,-0.027732,0.428670,0.099811,0.279751,0.023836,-0.011529,-0.033075,0.131068,0.011703,-0.015030,-0.053024,-0.043998,0.002246,0.005476
-0.183126,-0.058946,-0.041610,-0.019441,0.067090,0.136646,-0.095732,-0.200689,0.000000,0.075185,-0.090623,0.056186,0.203682,0.279362,0.480304,0.054573,0.482417,0.080996,0.338424,0.038117,-0.018278,-0.038365,0.141704,0.002921,-0.016622,-0.051570,-0.045034,-0.000000,0.004698
-0.248815,0.006840,-0.158775,-0.142998,0.017769,0.083081,-0.177410,-0.257896,0.000000,0.084198,-0.100976,0.041449,0.214529,0.276021,0.485688,0.152991,0.333825,0.056985,0.386428,0.053747,-0.025325,-0.039777,0.076884,-0.000000,-0.019283,-0.047038,-0.069911,-0.000001,0.003313
-0.257853,0.062473,-0.208156,-0.189520,-0.122724,-0.012543,-0.132800,-0.191075,0.000000,0.144929,-0.037611,-0.018244,0.058787,0.122926,0.312091,0.177134,-0.092271,0.042275,0.387015,0.058562,-0.030775,-0.007537,-0.072247,0.000000,-0.023637,-0.026380,-0.112382,-0.000000,-0.002323
-0.247630,-0.045007,-0.153583,-0.129231,-0.206356,-0.079501,-0.045058,-0.091754,0.000000,0.182265,0.031894,-0.080902,-0.095665,0.064837,0.225686,0.181493,-0.405256,0.054201,0.420570,0.055544,-0.031754,0.008416,-0.176045,0.000001,-0.025677,-0.010270,-0.135013,0.000000,-0.007124
-0.223258,-0.261867,-0.022341,0.007725,-0.191316,-0.084317,0.041946,-0.009590,0.000000,0.177532,0.072777,-0.115197,-0.171607,0.130797,0.269672,0.163888,-0.448650,0.086803,0.470317,0.046204,-0.027774,0.000107,-0.182617,0.000001,-0.024384,-0.006761,-0.126490,0.000001,-0.008688
-0.284018,-0.266105,0.007057,-0.017129,-0.165070,-0.095138,0.092535,0.026499,0.000000,0.161672,0.037462,-0.105533,-0.154753,0.136884,0.231987,0.139860,-0.379699,0.100515,0.477252,0.038473,-0.031671,-0.029266,-0.105220,-0.000001,-0.024171,-0.013621,-0.093523,-0.000000,-0.012036
-0.324839,-0.192694,-0.006933,-0.084292,-0.135537,-0.091834,0.110085,0.031036,0.000000,0.128514,-0.003999,-0.064934,-0.116098,0.114398,0.173799,0.117026,-0.275240,0.103467,0.471452,0.037384,-0.034839,-0.040358,-0.020957,-0.000004,-0.023742,-0.016610,-0.060000,-0.000002,-0.014660
-0.240676,-0.176632,-0.005854,-0.074267,-0.110649,-0.054278,0.097975,0.018544,0.000000,0.071901,0.018436,-0.006429,-0.126645,0.094652,0.156298,0.103017,-0.212136,0.103796,0.483027,0.047982,-0.028670,0.006169,-0.006944,-0.000008,-0.021804,-0.001489,-0.049812,-0.000002,-0.014056
-0.180067,-0.181893,-0.008257,-0.058350,-0.079916,-0.040386,0.080272,0.006065,0.000000,0.045186,0.032485,0.020539,-0.121541,0.103079,0.152807,0.097655,-0.118047,0.103589,0.493331,0.054032,-0.020216,0.027496,0.016350,-0.000004,-0.018148,0.004787,-0.038397,-0.000001,-0.010572
-0.173309,-0.205837,-0.012942,-0.044498,-0.058702,-0.057099,0.065823,-0.000163,0.000000,0.061703,0.031137,0.002486,-0.103335,0.135461,0.165065,0.103617,-0.040013,0.102945,0.497196,0.052510,-0.013705,0.012958,0.037283,0.000006,-0.014599,-0.000922,-0.031459,0.000002,-0.005951
-0.171946,-0.183924,-0.002936,-0.042398,-0.049524,-0.038043,0.051712,-0.002562,0.000000,0.055057,0.030756,-0.024126,-0.118871,0.131640,0.118583,0.086214,-0.022090,0.106227,0.489809,0.048390,-0.010811,0.008336,0.023735,0.000001,-0.014857,-0.001954,-0.032361,0.000001,-0.007304
0.971465,1.046782,-0.014371,0.060552,-0.007268,-0.018474,0.820215,-0.017704,0.265856,-0.593630,-0.636842,0.202688,0.074632,-0.140558,-1.318696,0.178470,-0.269914,0.021205,0.078635,-0.814497,1.846380,-0.321311,-0.372511,-0.237964,0.157180,0.016449,0.033201,-0.068183,-0.025839
2.115766,2.247594,-0.037373,0.166020,0.032882,-0.023533,1.598011,-0.032522,0.531712,-1.230175,-1.304500,0.450097,0.289742,-0.398143,-2.705408,0.290115,-0.509651,-0.067315,-0.323867,-1.673769,3.702849,-0.651182,-0.748229,-0.475923,0.330658,0.033982,0.101976,-0.136365,-0.041480
2.115766,2.247594,-0.037373,0.166020,0.032882,-0.023533,1.598011,-0.032522,0.531712,-1.230175,-1.304500,0.450097,0.289742,-0.398143,-2.705408,0.290115,-0.509651,-0.067315,-0.323867,-1.673769,3.702849,-0.651182,-0.748229,-0.475923,0.330658,0.033982,0.101976,-0.136365,-0.041480
2.115766,2.247594,-0.037373,0.166020,0.032882,-0.023533,1.598011,-0.032522,0.531712,-1.230175,-1.304500,0.450097,0.289742,-0.398143,-2.705408,0.290115,-0.509651,-0.067315,-0.323867,-1.673769,3.702849,-0.651182,-0.748229,-0.475923,0.330658,0.033982,0.101976,-0.136365,-0.041480
2.115766,2.247594,-0.037373,0.166020,0.032882,-0.023533,1.598011,-0.032522,0.531712,-1.230175,-1.304500,0.450097,0.289742,-0.398143,-2.705408,0.290115,-0.509651,-0.067315,-0.323867,-1.673769,3.702849,-0.651182,-0.748229,-0.475923,0.330658,0.033982,0.101976,-0.136365,-0.041480
2.115766,2.247594,-0.037373,0.166020,0.032882,-0.023533,1.598011,-0.032522,0.531712,-1.230175,-1.304500,0.450097,0.289742,-0.398143,-2.705408,0.290115,-0.509651,-0.067315,-0.323867,-1.673769,3.702849,-0.651182,-0.748229,-0.475923,0.330658,0.033982,0.101976,-0.136365,-0.041480
2.115766,2.247594,-0.037373,0.166020,0.032882,-0.023533,1.598011,-0.032522,0.531712,-1.230175,-1.304500,0.450097,0.289742,-0.398143,-2.705408,0.290115,-0.509651,-0.067315,-0.323867,-1.673769,3.702849,-0.651182,-0.748229,-0.475923,0.330658,0.033982,0.101976,-0.136365,-0.041480
2.115766,2.247594,-0.037373,0.166020,0.032882,-0.023533,1.598011,-0.032522,0.531712,-1.230175,-1.304500,0.450097,0.289742,-0.398143,-2.705408,0.290115,-0.509651,-0.067315,-0.323867,-1.673769,3.702849,-0.651182,-0.748229,-0.475923,0.330658,0.033982,0.101976,-0.136365,-0.041480
2.115766,2.247594,-0.037373,0.166020,0.032882,-0.023533,1.598011,-0.032522,0.531712,-1.230175,-1.304500,0.450097,0.289742,-0.398143,-2.705408,0.290115,-0.509651,-0.067315,-0.323867,-1.673769,3.702849,-0.651182,-0.748229,-0.475923,0.330658,0.033982,0.101976,-0.136365,-0.041480
2.115766,2.247594,-0.037373,0.166020,0.032882,-0.023533,1.598011,-0.032522,0.531712,-1.230175,-1.304500,0.450097,0.289742,-0.398143,-2.705408,0.290115,-0.509651,-0.067315,-0.323867,-1.673769,3.702849,-0.651182,-0.748229,-0.475923,0.330658,0.033982,0.101976,-0.136365,-0.041480
2.115766,2.247594,-0.037373,0.166020,0.032882,-0.023533,1.598011,-0.032522,0.531712,-1.230175,-1.304500,0.450097,0.289742,-0.398143,-2.705408,0.290115,-0.509651,-0.067315,-0.323867,-1.673769,3.702849,-0.651182,-0.748229,-0.475923,0.330658,0.033982,0.101976,-0.136365,-0.041480
2.115766,2.247594,-0.037373,0.166020,0.032882,-0.023533,1.598011,-0.032522,0.531712,-1.230175,-1.304500,0.450097,0.289742,-0.398143,-2.705408,0.290115,-0.509651,-0.067315,-0.323867,-1.673769,3.702849,-0.651182,-0.748229,-0.475923,0.330658,0.033982,0.101976,-0.136365,-0.041480
2.115766,2.247594,-0.037373,0.166020,0.032882,-0.023533,1.598011,-0.032522,0.531712,-1.230175,-1.304500,0.450097,0.289742,-0.398143,-2.705408,0.290115,-0.509651,-0.067315,-0.323867,-1.673769,3.702849,-0.651182,-0.748229,-0.475923,0.330658,0.033982,0.101976,-0.136365,-0.041480
2.115766,2.247594,-0.037373,0.166020,0.032882,-0.023533,1.598011,-0.032522,0.531712,-1.230175,-1.304500,0.450097,0.289742,-0.398143,-2.705408,0.290115,-0.509651,-0.067315,-0.323867,-1.673769,3.702849,-0.651182,-0.748229,-0.475923,0.330658,0.033982,0.101976,-0.136365,-0.041480
2.115766,2.247594,-0.037373,0.166020,0.032882,-0.023533,1.598011,-0.032522,0.531712,-1.230175,-1.304500,0.450097,0.289742,-0.398143,-2.705408,0.290115,-0.509651,-0.067315,-0.323867,-1.673769,3.702849,-0.651182,-0.748229,-0.475923,0.330658,0.033982,0.101976,-0.136365,-0.041480
2.115766,2.247594,-0.037373,0.166020,0.032882,-0.023533,1.598011,-0.032522,0.531712,-1.230175,-1.304500,0.450097,0.289742,-0.398143,-2.705408,0.290115,-0.509651,-0.067315,-0.323867,-1.673769,3.702849,-0.651182,-0.748229,-0.475923,0.330658,0.033982,0.101976,-0.136365,-0.041480
2.115766,2.247594,-0.037373,0.166020,0.032882,-0.023533,1.598011,-0.032522,0.531712,-1.230175,-1.304500,0.450097,0.289742,-0.398143,-2.705408,0.290115,-0.509651,-0.067315,-0.323867,-1.673769,3.702849,-0.651182,-0.748229,-0.475923,0.330658,0.033982,0.101976,-0.136365,-0.041480
2.115766,2.247594,-0.037373,0.166020,0.032882,-0.023533,1.598011,-0.032522,0.531712,-1.230175,-1.304500,0.450097,0.289742,-0.398143,-2.705408,0.290115,-0.509651,-0.067315,-0.323867,-1.673769,3.702849,-0.651182,-0.748229,-0.475923,0.330658,0.033982,0.101976,-0.136365,-0.041480
2.115766,2.247594,-0.037373,0.166020,0.032882,-0.023533,1.598011,-0.032522,0.531712,-1.230175,-1.304500,0.450097,0.289742,-0.398143,-2.705408,0.290115,-0.509651,-0.067315,-0.323867,-1.673769,3.702849,-0.651182,-0.748229,-0.475923,0.330658,0.033982,0.101976,-0.136365,-0.041480
2.115766,2.247594,-0.037373,0.166020,0.032882,-0.023533,1.598011,-0.032522,0.531712,-1.230175,-1.304500,0.450097,0.289742,-0.398143,-2.705408,0.290115,-0.509651,-0.067315,-0.323867,-1.673769,3.702849,-0.651182,-0.748229,-0.475923,0.330658,0.033982,0.101976,-0.136365,-0.041480
2.115766,2.247594,-0.037373,0.166020,0.032882,-0.023533,1.598011,-0.032522,0.531712,-1.230175,-1.304500,0.450097,0.289742,-0.398143,-2.705408,0.290115,-0.509651,-0.067315,-0.323867,-1.673769,3.702849,-0.651182,-0.748229,-0.475923,0.330658,0.033982,0.101976,-0.136365,-0.041480
